-- phpMyAdmin SQL Dump
-- version 5.2.0
-- https://www.phpmyadmin.net/
--
-- Host: 127.0.0.1
-- Generation Time: Apr 08, 2023 at 07:03 PM
-- Server version: 10.4.27-MariaDB
-- PHP Version: 8.0.25

SET SQL_MODE = "NO_AUTO_VALUE_ON_ZERO";
START TRANSACTION;
SET time_zone = "+00:00";


/*!40101 SET @OLD_CHARACTER_SET_CLIENT=@@CHARACTER_SET_CLIENT */;
/*!40101 SET @OLD_CHARACTER_SET_RESULTS=@@CHARACTER_SET_RESULTS */;
/*!40101 SET @OLD_COLLATION_CONNECTION=@@COLLATION_CONNECTION */;
/*!40101 SET NAMES utf8mb4 */;

--
-- Database: `se_db`
--

-- --------------------------------------------------------

--
-- Table structure for table `admindb`
--

CREATE TABLE `admindb` (
  `Topic` varchar(1000) NOT NULL,
  `ID` varchar(1000) NOT NULL,
  `Detail` varchar(1000) NOT NULL
) ENGINE=InnoDB DEFAULT CHARSET=utf8mb4 COLLATE=utf8mb4_general_ci;

--
-- Dumping data for table `admindb`
--

INSERT INTO `admindb` (`Topic`, `ID`, `Detail`) VALUES
('addcourse', '0000', 'ddd'),
('รายงานปัญหาการใช้งาน', '-', 'สีไม่สวยเลย'),
('addcourse', '66', '6'),
('addcourse', '030513349', 'Nope'),
('รายงานปัญหาการใช้งาน', '030513354', 'เข้าไม่ได้'),
('ข้อมูลไม่ถูกต้อง', '030513354', 'เข้าไม่ได้'),
('addcourse', '123', 'งง'),
('addcourse', '00000000', '000000000'),
('addcourse', '0222', 'ทดสอบบ\r\n');

-- --------------------------------------------------------

--
-- Table structure for table `coursecomment`
--

CREATE TABLE `coursecomment` (
  `id` int(11) NOT NULL,
  `CourseID` varchar(9) DEFAULT NULL,
  `CComment` varchar(1000) DEFAULT NULL,
  `stdID` varchar(13) NOT NULL,
  `PostDate` datetime NOT NULL
) ENGINE=InnoDB DEFAULT CHARSET=utf8mb4 COLLATE=utf8mb4_general_ci;

--
-- Dumping data for table `coursecomment`
--

INSERT INTO `coursecomment` (`id`, `CourseID`, `CComment`, `stdID`, `PostDate`) VALUES
(2, '040313006', 'ทดสอบๆ', '6303051623195', '2023-03-17 11:39:43'),
(3, '040313006', 'หหหหหหหหหหห', '6303051623195', '2023-03-17 11:43:35'),
(4, '040313006', 'ถถถถถถถถถ', '6303051623195', '2023-03-17 11:44:40'),
(5, '040313006', 'หหหหหหหห', '6303051623195', '2023-03-17 11:45:22'),
(6, '040313006', '้้้้้้้้้้', '6303051623195', '2023-03-17 11:45:49'),
(7, '040313006', 'wwww', '6303051623195', '2023-03-17 11:49:46'),
(8, '030103300', 'kkk', '6303051623195', '2023-03-17 11:52:47'),
(9, '030103300', 'test', '6303051623195', '2023-03-17 13:15:18'),
(10, '030103300', '2222', '6303051623195', '2023-03-17 13:26:28'),
(11, '030513900', 'test\r\n', '6303051623195', '2023-03-17 13:31:38'),
(12, '030513900', 'eeee', '6303051623195', '2023-03-17 13:32:19'),
(13, '030513900', 'yyyy', '6303051623195', '2023-03-17 13:32:37'),
(14, '030103300', 'aaaa', '6303051623195', '2023-03-17 13:48:48'),
(15, '030103300', 'rrrrr', '6303051623195', '2023-03-17 13:59:03'),
(16, '030513100', '030513100', '6303051623195', '2023-03-17 21:30:33'),
(17, '030513100', 'test', '6303051623195', '2023-03-17 21:32:00'),
(18, '030513100', 'Test', '6303051623195', '2023-03-17 21:32:26'),
(19, '030513100', 'aq', '6303051623195', '2023-03-17 21:33:34'),
(20, '030513100', 'oooooooooo', '6303051623195', '2023-03-18 00:12:47'),
(21, '030513122', 'lllllllllllllll', '6303051623195', '2023-03-18 00:12:57'),
(22, '030513900', 'สวัสดีครับ', '63030513042', '2023-03-18 20:48:57'),
(23, '040313007', 'test', '63030513042', '2023-03-18 20:49:48'),
(24, '040203112', 'test', '63030513042', '2023-03-18 20:50:03'),
(25, '040203111', 'test', '63030513042', '2023-03-18 20:50:17'),
(26, '040313005', 'test', '63030513042', '2023-03-18 20:50:47'),
(27, '040313015', 'test', '63030513042', '2023-03-18 20:50:57'),
(28, '080103001', 'sfc', '63030513042', '2023-03-18 20:52:46'),
(29, '080303512', 'dxgs', '63030513042', '2023-03-18 20:54:13'),
(30, '030413100', 'ff', '63030513042', '2023-03-18 20:54:29'),
(31, '040203211', 'ff', '63030513042', '2023-03-18 20:54:41'),
(32, '030103300', 'สวัสดีครับ\r\n', '63030513042', '2023-03-18 20:55:33'),
(33, '030103300', 'ติด F ค่าาาาา', '6303051633077', '2023-03-18 20:56:10'),
(34, '030513326', 'test', '63030513042', '2023-03-18 21:00:36'),
(35, '030513322', 'test', '63030513042', '2023-03-18 21:01:14'),
(36, '080303501', 'test', '63030513042', '2023-03-18 21:01:40'),
(37, '080303502', 'test', '63030513042', '2023-03-18 21:02:02'),
(38, '030513221', 'test', '63030513042', '2023-03-18 21:03:00'),
(39, '030513220', 'test', '63030513042', '2023-03-18 21:03:15'),
(40, '030513323', 'test', '63030513042', '2023-03-18 21:04:15'),
(41, '030513320', 'test', '63030513042', '2023-03-18 21:04:43'),
(42, '030513200', 'test', '63030513042', '2023-03-18 21:05:16'),
(43, '080203904', 'test', '63030513042', '2023-03-18 21:05:33'),
(44, '080303102', 'test', '63030513042', '2023-03-18 21:07:37'),
(45, '080303104', 'test', '63030513042', '2023-03-18 21:07:54'),
(46, '030513348', 'test', '63030513042', '2023-03-18 21:08:13'),
(47, '030513127', 'test', '63030513042', '2023-03-18 21:08:25'),
(48, '030513243', 'test', '63030513042', '2023-03-18 21:08:35'),
(49, '030513337', 'test', '63030513042', '2023-03-18 21:09:58'),
(50, '030513343', 'test', '63030513042', '2023-03-18 21:10:13'),
(51, '030513123', 'test', '63030513042', '2023-03-18 21:11:39'),
(52, '030513346', 'test', '63030513042', '2023-03-18 21:11:53'),
(53, '030513333', 'test', '63030513042', '2023-03-18 21:12:10'),
(54, '030513335', 'llllllllllll\r\n', '630000000', '2023-03-18 21:13:31'),
(55, '080103002', 'test', '63030513042', '2023-03-18 21:13:35'),
(56, '030513249', 'test', '63030513042', '2023-03-18 21:13:54'),
(57, '030513252', 'tew', '63030513042', '2023-03-18 21:16:24'),
(58, '030513151', 'tew', '63030513042', '2023-03-18 21:16:34'),
(59, '030513145', 'test', '63030513042', '2023-03-18 21:16:44'),
(60, '030513347', 'tew', '63030513042', '2023-03-18 21:17:38'),
(61, '030513162', 'test', '63030513042', '2023-03-18 21:18:40'),
(62, '030513500', 'test', '63030513042', '2023-03-18 21:19:16'),
(63, '080103018', 'test', '63030513042', '2023-03-18 21:19:31'),
(64, '030513260', 'test', '63030513042', '2023-03-18 21:19:49'),
(65, '030513900', 'โย่วนี่คือเสียงจากเด็กวัด', '123456789', '2023-03-18 21:21:05'),
(66, '040203111', 'แข็งเรง', '123456789', '2023-03-18 21:21:29'),
(67, '040313005', 'อาจารย์เลี้ยงลูก', '123456789', '2023-03-18 21:21:47'),
(68, '040313006', 'อย่างตึง', '123456789', '2023-03-18 21:22:21'),
(69, '030513185', 'test', '63030513042', '2023-03-18 21:22:44'),
(70, '080103001', 'นะครับนะ', '123456789', '2023-03-18 21:22:52'),
(71, '030513367', 'test', '63030513042', '2023-03-18 21:24:41'),
(72, '030513800', 'test', '63030513042', '2023-03-18 21:34:13'),
(73, '030513334', 'test', '63030513042', '2023-03-18 21:34:57'),
(74, '030513906', 'test', '63030513042', '2023-03-18 21:36:04'),
(75, '030513352', 'test', '63030513042', '2023-03-18 21:36:15'),
(76, '030513904', 'test', '63030513042', '2023-03-18 21:36:24'),
(77, '030513903', 'test', '63030513042', '2023-03-18 21:36:40'),
(78, '030513372', 'test', '63030513042', '2023-03-18 21:38:34'),
(79, '030513907', 'test', '63030513042', '2023-03-18 21:39:31'),
(80, '080103016', 'test', '123456789', '2023-03-18 21:39:39'),
(81, '030513908', 'test', '63030513042', '2023-03-18 21:39:41'),
(82, '080303510', 'rre', '123456789', '2023-03-18 21:40:09'),
(83, '080303511', 'etwart', '123456789', '2023-03-18 21:40:22'),
(84, '080103017', 'test', '63030513042', '2023-03-18 21:40:55'),
(85, '030103100', 'test', '63030513042', '2023-03-18 21:46:21'),
(86, '030103102', 'test', '63030513042', '2023-03-18 21:46:33'),
(87, '', '', '', '2023-03-18 21:53:07'),
(88, '', '', '', '2023-03-18 21:54:23'),
(89, '', '', '', '2023-03-18 23:52:09'),
(90, '', '', '', '2023-03-18 23:53:50'),
(91, '', '', '', '2023-03-18 23:55:34'),
(92, '', '', '', '2023-03-18 23:56:34'),
(93, '030513335', 'test', '63030513042', '2023-03-19 12:33:05'),
(94, '030513335', 'test', '63030513042', '2023-03-19 12:33:06'),
(95, '030513328', 'test', '63030513042', '2023-03-19 12:34:25'),
(97, '999999999', 'ผมลง Science in daily life ไป วิชาเก็บเกรดง่ายมากบอกตรง', '7', '0000-00-00 00:00:00'),
(98, 'XXXXXXXXX', '555', '7', '0000-00-00 00:00:00'),
(99, 'XXXXXXXXX', 'บ้า', '1', '2023-03-19 14:28:45'),
(100, 'XXXXXXXXX', 'kkk', '1', '2023-03-19 14:31:12'),
(101, '030513220', 'ccc', '1', '2023-03-19 14:31:50');

-- --------------------------------------------------------

--
-- Table structure for table `coursedb`
--

CREATE TABLE `coursedb` (
  `CourseID` varchar(9) NOT NULL,
  `CourseName` varchar(100) NOT NULL,
  `Unit` varchar(1) DEFAULT NULL,
  `CourseDetail` varchar(1000) DEFAULT NULL
) ENGINE=InnoDB DEFAULT CHARSET=utf8mb4 COLLATE=utf8mb4_general_ci;

--
-- Dumping data for table `coursedb`
--

INSERT INTO `coursedb` (`CourseID`, `CourseName`, `Unit`, `CourseDetail`) VALUES
('	0222', 'ทดสอบ', '3', 'ทดสอบ'),
('030103100', 'Engineering Materials', '3', 'ความสัมพันธ์ระหว่างโครงสร้าง คุณสมบัติ กระบวนการผลิต การประยุกต์ใช้วัสดุ วิศวกรรม กลุ่มโลหะ พอลิเมอร์ เซรามิก วัสดุเชิงประกอบ แผนภาพสมดุลภาค การแปล ความหมายของแผนภาพสมดุลภาค คุณสมบัติเชิงกล การเสื่อมสภาพของวัสดุวิศวกรรม '),
('030103102', 'Engineering Mechanics I', '3', ' ระบบแรง แรงลัพธ์ สมดุลของอนุภาคและวัตถุแข็งเกร็ง สถิตยศาสตร์ของของ ไหล จลศาสตร์และจลนศาสตร์ของอนุภาคและวัตถุแข็งเกร็ง กฎการเคลื่อนที่ข้อที่สอง ของนิวตัน งานและพลังงาน การดลและโมเมนตัม '),
('030103300', 'Engineering Drawing', '3', 'มาตรฐานการเขียนแบบวิศวกรรม การเขียนตัวอักษร การเขียนแบบเรขาคณิต หลักการเขียน\nภาพฉาย แบบภาพฉาย แบบภาพสามมิติ การบอกขนาดและสัญลักษณ์ผิวงาน การบอกค่าพิกัดความ\nคลาดเคลื่อนและพิกัดงานสวม การเขียนภาพตัด การเขียนแบบภาพคลี่และภาพช่วย การสเกตแบบด้วยมือ\nการเขียนแบบภาพประกอบและภาพแยกชิ้น คอมพิวเตอร์ช่วยการเขียนแบบเบื้องต้น'),
('030223128', 'Thermofluids ', '3', 'แนวคิดพื้นฐานทางอุณหพลศาสตร์ กฎข้อที่หนึ่งและกฎข้อที่สองของเทอร์โม ไดนามิกส์ แนวคิดพื้นฐานและคุณสมบัติพื้นฐานของของไหล พื้นฐานของสถิตศาสตร์ของ ไหล พื้นฐานของพลศาสตร์ของไหล ลักษณะของของเหลวเช่นการไหลแบบสม่ําเสมอและ การไหลแบบปั่นป่วน '),
('030413100', 'Electric Circuit Analysis I', '3', 'ส่วนประกอบของวงจร การวิเคราะห์โหนดและเมช ทฤษฎีวงจร ความต้านทาน\nความเหนี่ยวนำ และคาปาซิแตนซ์ วงจรอันดับหนึ่งและสอง ไดอะแกรมเฟสเซอร์ วงจรไฟฟ้ากระแสสลับ\nระบบสามเฟส'),
('030413120', 'Electrical Instruments and Measurements', '3', 'หน่วยและมาตรฐานของการวัดทางไฟฟ้า การจัดแบ่งระดับและลักษณะสมบัติ ของเครื่องมือวัด การวิเคราะห์การวัด การวัดแรงดันและกระแสทั้งกระแสตรงและสลับ โดยใช้เครื่องมือวัดแอนะลอกและดิจิทัล การวัดกําลังไฟฟ้า ตัวประกอบกําลังและพลังงาน การวัดความต้านทาน ความเหนี่ยวนําและคาปาซิแตนซ์ การวัดความถี่และคาบ/เวลา การรบกวน ทรานสดิวเซอร์ การปรับเทียบ '),
('030413145', 'Electromagnetic Field ', '3', 'สนามไฟฟ้าสถิต ตัวนําและไดอิเล็กตริก การเก็บประจุ การพาและการนํากระแส ความต้านทาน สนามแม่เหล็กสถิต วัสดุแม่เหล็ก ความเหนี่ยวนํา สนามแม่เหล็กไฟฟ้าที่ แปรตามเวลา สมการของแมกซ์เวลล์ '),
('030413221', 'Electric Circuit Analysis Laboratory', '1', 'หัวข้อการทดลองให้สอดคล้องกับเนื้อหาวิชา 030413100 การวิเคราะห์วงจรไฟฟ้า 1 '),
('030513100', 'Engineering Electronics', '3', 'อุปกรณ์สารกึ่งตัวนํา คุณสมบัติทางไฟฟ้าของอุปกรณ์วงจรอิเล็กทรอนิกส์ ในความสัมพันธ์กับกระแสแรงดันและความถี่ การวิเคราะห์และออกแบบวงจรไดโอด การวิเคราะห์และออกแบบวงจรทรานซิสเตอร์แบบ บีเจที มอส ซีมอส และ ไบซีมอส คุณสมบัติและการประยุกต์ใช้วงจรขยายออปแอมป์ มอดูลแหล่งจ่ายไฟ '),
('030513120', 'Signal and System', '3', 'วิธีทางเวลาและความถี่สําหรับจําลองและวิเคราะห์สัญญาณ ระบบในรูปแบบต่อเนื่องและ ไม่ต่อเนื่อง การแปลงลาปลาซ อนุกรมฟูริเยร์และการแปลงฟูริเยร์ การสุ่มสัญญาณ การแปลงซี '),
('030513121', 'Industrial Electronic Drives and Control ', '3', 'อุปกรณ์อิเล็กทรอนิกส์กําลัง ไดโอด เอสซีอาร์ ทรานซิสเตอร์กําลังมอสเฟทกําลัง จีทีโอและอุปกรณ์ที่เกี่ยวข้อง การวิเคราะห์การทํางานของวงจรคอนเวอร์ทเทอร์ประเภท ต่างๆ ในระบบไฟฟ้า 1 เฟส และ 3 เฟส การคอมมิวเตชัน การควบคุมแรงดันไฟฟ้า กระแสสลับ ดีซีชอปเปอร์ อินเวอร์ทเทอร์แบบป้อนแรงดันและป้อนกระแส และ ไซโคลคอนเวอร์ทเทอร์ '),
('030513122', 'Discrete Mathematics', '3', 'เซต ลำดับ และฟังก์ชัน ตรรกศาสตร์ การเติบโตของฟังก์ชัน วิธีการพิสูจน์อุปนัยเชิง\nคณิตศาสตร์ นิยาม ขั้นตอนวิธีแบบเรียกซ้ำ วิธีการนับและความสัมพันธ์แบบปรากฏซ้ำ ความสัมพันธ์ ทฤษฎี\nกราฟ'),
('030513125', 'Principles of Communication', '3', ' โมเดลการสื่อสารทั้งแบบมีสายหรือเคเบิลและไร้สายหรือใช้คลื่นวิทยุ บทนํา เกี่ยวกับสัญญาณและระบบ สเปคตรัมของสัญญาณและการประยุกต์ใช้อนุกรมและการ แปลงฟูริเยร์ การมอดูเลตแอนะล็อก เอเอ็ม ดีเอสบี เอสเอสบี เอฟเอ็ม เอ็นบี/ดับเบิลยูบี เอฟเอ็ม พีเอ็ม สัญญาณรบกวนในสื่อสารแอนะล็อก การมอดูเลตสัญญาณไบนารี เบสแบนด์ ทฤษฎีการสุ่มสัญญาณของไนควิสต์และควอนไตเซชัน การมอดูเลตพัลส์ แอ นะล็อก พีซีเอ็ม ดีเอ็ม เทคนิคการมัลติเพล็กซิง บทนําเกี่ยวกับสายส่ง การแพร่กระจาย คลื่นวิทยุ อุปกรณ์ไมโครเวฟและการสื่อสาร การสื่อสารดาวเทียม การสื่อสารทางแสง '),
('030513126', 'Linear Control System', '3', 'โมเดลทางคณิตศาสตร์ของระบบ ฟังก์ชันถ่ายโอน โมเดลของระบบในโดเมนเวลา และโดเมนความถี่ โมเดลพลวัตรและผลตอบสนองพลวัตรของระบบ ระบบออร์เดอร์หนึ่ง และสอง ระบบควบคุมแบบลูปเปิดและลูปปิด ระบบควบคุมป้อนกลับและความไว ประเภทของระบบควบคุมป้อนกลับ วิเคราะห์เสถียรภาพของระบบด้วยวิธีของเราท์เฮอร์ วิทซ์ การวิเคราะห์โดยวิธีการของโบเด วิธีการหาเส้นทางเดินของราก '),
('030513127', 'Computer Architecture', '3', 'แนะนำระบบคอมพิวเตอร์ หน่วยความจำและการจัดการระบบหน่วยความจำ หน่วยอินพุต/\nเอาต์พุต หน่วยประมวลผลกลาง หน่วยประมวลผลทางคณิตศาสตร์และลอจิก ตัวประมวลผลแบบริสค์และซิสค์\nสถาปัตยกรรมแบบมัลติโปรเซสเซอร์ การประมวลผลแบบขนาน'),
('030513140', 'Communication Network and Transmission Line ', '3', 'การสื่อสารแบบมีสายและไร้สาย โครงข่ายการสื่อสารแบบมีสายที่มีพารามิเตอร์ของ สายส่งในลักษณะของแมทริกซ์ Y, Z, F, G และความสัมพันธ์ของพารามิเตอร์แต่ละแบบใน สายส่ง วงจรพื้นฐานและการเชื่อมต่อ การแปลงโครงข่าย ปริมาณการส่ง เทคนิคของวงจร การส่งสัญญาณ วงจรกรองคลื่น ตัวลดทอนสัญญาณ การแมตชิงอิมพีแดนซ์ ทฤษฎีสายส่ง สมการ คําตอบสําหรับความถี่ต่ํา กลาง สูง ค่าคงที่ปฐมภูมิและทุติยภูมิ คลื่นตกกระทบและ คลื่นสะท้อน อัตราส่วนคลื่นนิ่ง คุณสมบัติของสายส่งทั้งแบบไม่มีการสูญเสียและสูญเสียเมื่อ เปิดวงจร ลัดวงจรและต่อกับโหลด การสะท้อนในอาณาจักรเวลา ไดอะแกรมการกระเด้ง สัญญาณไขว้แทรกด้านใกล้และด้านไกล สัญญาณแบบดิฟเฟอเรนเชียล สายส่งแบบผสม ประเภทของเคเบิล สายยูทีพี โคแอกเชียล มาตรฐานของเคเบิลในปัจจุบัน '),
('030513141', 'Radio and Television Engineering ', '3', 'หลักการเครื่องส่งและเครื่องรับสัญญาณวิทยุ ระบบการมอดูเลตสัญญาณ แบบ ต่าง ๆ และการดีมอดูเลต หลักการวิทยุเอเอ็มและเอฟเอ็ม หลักการเครื่องส่งและ เครื่องรับสัญญาณโทรทัศน์ การสร้างภาพบนหน้าจอ และระบบสัญญาณโทรทัศน์สี'),
('030513142', 'Antenna Engineering ', '3', 'ทฤษฎีและนิยามพื้นฐาน แหล่งกําเนิดแบบจุดไอโซทรอปิก รูปแบบของกําลังและ สนาม สภาพเจาะจงทิศทางและอัตราขยาย ประสิทธิภาพ โพลาไรเซชันของคลื่น อินพุต อิมพีแดนซ์และแบนด์วิดธ์ สมการการส่งผ่านของฟริสส การแผ่คลื่นจากองค์ประกอบ กระแส ผลกระทบของกราวนด์ คุณสมบัติการแผ่คลื่นของสายอากาศเส้นลวดเชิงเส้น สายอากาศแถวลําดับเชิงเส้น สายอากาศยากิ-อุดะ สายอากาศรายคาบล็อก สายอากาศ แบบไมโครสตริป สายอากาศสมัยใหม่ที่ใช้งานในปัจจุบัน การวัดคุณสมบัติสายอากาศ '),
('030513143', 'Digital Communication', '3', 'ทบทวนความน่าจะเป็นและกระบวนการสุ่ม ปริภูมิสัญญาณ แบนด์วิดธ์ต่ําสุดของ ไนควิสต์ การดีเทคสัญญาณ สัญญาณรบกวนเกาส์สีขาวแบบบวก เทคนิคการมอดูเลต ดิจิทัล ซิกมา-เดลต้า การวิเคราะห์สมรรถนะของระบบสื่อสารดิจิทัล การซิงโครไนเซชัน อีควอไลเซชัน ทฤษฎีข่าวสารเบื้องต้น การเข้ารหัสต้นทาง การเข้ารหัสช่องสัญญาณ ระบบแบบหลายช่องสัญญาณและหลายคลื่นพาห์ เทคนิคสเปรดสเปกตรัม ช่องสัญญาณ ที่มีการจางหายจากหลายเส้นทาง'),
('030513144', 'Industrial Bus Communication ', '3', 'หลักการพื้นฐานของการส่งสัญญาณที่ใช้ในระบบบัสในอุตสาหกรรม สถาปัตยกรรม แบบเป็นชั้นของโปรโตคอล หลักการพื้นฐานของระบบบัส โปรโตคอลของระบบมอดบัส โปรโตคอลแบบโฮสลิงค์และแคนบัส วิธีการตรวจสอบความผิดพลาดของการส่ง-รับข้อมูล ประเภทซีอาร์ซี แอลซี และประเภทพาริตีบิต การเข้ารหัสและถอดรหัสในการส่ง-รับ ข้อมูล ประโยชน์ของการใช้ระบบบัสในงานอุตสาหกรรม '),
('030513145', 'Operating System', '3', 'หลักการของระบบปฏิบัติการ กระบวนการและภาวะพร้อมกัน การจัดการและการกำหนด\nลำดับกระบวนการ การจัดการรับเข้า/ส่งออก การจัดการหน่วยความจำ ระบบแฟ้มข้อมูล การป้องกันและ\nความมั่นคงปลอดภัยของระบบปฏิบัติการ'),
('030513147', 'Theory of Computation', '3', 'ไฟไนต์ออโตมาตา นิพจน์และไวยากรณ์เรกูลาร์ คุณสมบัติของภาษาเรกูลาร์ ไวยากรณ์ และภาษาคอนเท็กซ์ฟรี พุชดาวน์ออโตมาตา เครื่องจักรทัวริง ลําดับชั้นของซอสกี '),
('030513148', 'Digital Television System ', '3', 'การเปรียบเทียบโทรทัศน์ระบบแอนะล็อกและดิจิทัล ระบบสัญญาณภาพดิจิทัล การบีบอัดสัญญาณภาพ การเข้ารหัสและการถอดรหัส การส่งและการรับสัญญาณ โทรทัศน์ดิจิทัล ระบบเอชดี จอแสดงผลแบบต่างๆ '),
('030513149', 'Production of Radio and Television Program ', '3', 'หลักการวางแผนการผลิตรายการโทรทัศน์ การคิดรูปแบบรายการ การเขียนบท เทคนิค การผลิตรายการออกอากาศ เทคนิคการถ่ายทําและการใช้อุปกรณ์ต่างๆ ช่วยในการผลิต'),
('030513150', 'Microwave Engineering ', '3', 'ทบทวนสมการของแมกซ์เวลล์และคลื่นระนาบ สายส่งไมโครเวฟและท่อนําคลื่น การวิเคราะห์โครงข่ายไมโครเวฟ อิมพีแดนซ์และแรงดันกระแสเทียบเคียง เมทริกซ์เอส กราฟการไหลของสัญญาณ การแมตชิงและจูนนิงอิมพีแดนซ์ ไมโครเวฟ เรโซเนเตอร์ ตัวแบ่งกําลังและคัปเปลอร์แบบมีทิศทาง ไมโครเวฟฟิลเตอร์ การเชื่อมต่อ ไมโครเวฟแบบจุดต่อจุด ระบบเรดาร์ การแพร่กระจายคลื่นไมโครเวฟ การวัดไมโครเวฟ ขั้นพื้นฐาน การประยุกต์ใช้งาน'),
('030513151', 'Software Engineering', '3', 'หลักการของวิศวกรรมซอฟต์แวร์ กระบวนการพัฒนาซอฟต์แวร์ วงจรชีวิตของซอฟต์แวร์\nการรวบรวมความต้องการ การออกแบบสถาปัตยกรรมซอฟต์แวร์ การออกแบบเชิงวัตถุและแผนภาพมาตรฐาน\nที่ใช้ออกแบบเชิงวัตถุ การนำซอฟต์แวร์กลับมาใช้ การประเมินซอฟต์แวร์ การทดสอบซอฟต์แวร์\nการบำรุงรักษาซอฟต์แวร์ การบริหารโครงงานในการพัฒนาซอฟต์แวร์ เครื่องมือช่วยในงานวิศวกรรม\nซอฟต์แวร์'),
('030513160', 'Telecommunication Engineering Technology Project', '3', 'เป็นโครงงานสําหรับนักศึกษาที่มีจํานวนหน่วยกิตสะสมไม่ต่ํากว่า 70% ของจํานวน หน่วยกิตรวมทั้งหลักสูตร และมีการเตรียมรายงานโครงร่างที่แสดงถึงวัตถุประสงค์ แนวความคิด วิธีการศึกษาแผนการทํางานและงบประมาณรายจ่ายของโครงงานเทคโนโลยี วิศวกรรมโทรคมนาคม มีการดําเนินงานออกแบบ สร้างและทดสอบ เพื่อฝึกให้คุ้นเคยกับ การค้นคว้าและแก้ปัญหาทางวิศวกรรม และนําเสนอผลงานเป็นรูปเล่มปริญญานิพนธ์ '),
('030513161', 'Instrumentation and Control Engineering Technology Project', '3', 'เป็นโครงงานสําหรับนักศึกษาที่มีจํานวนหน่วยกิตสะสมไม่ต่ํากว่า 70% ของจํานวน หน่วยกิตรวมทั้งหลักสูตร และมีการเตรียมรายงานโครงร่างที่แสดงถึงวัตถุประสงค์ แนวความคิด วิธีการศึกษาแผนการทํางานและงบประมาณรายจ่ายของโครงงาน เทคโนโลยีวิศวกรรมเครื่องมือวัดและควบคุม มีการดําเนินงานออกแบบ สร้างและ ทดสอบ เพื่อฝึกให้คุ้นเคยกับการค้นคว้าและแก้ปัญหาทางวิศวกรรม และนําเสนอผลงาน เป็นรูปเล่มปริญญานิพนธ์ '),
('030513162', 'Computer Engineering Technology Project', '3', 'เป็นโครงงานสำหรับนักศึกษาที่มีจำนวนหน่วยกิตสะสมไม่ต่ำกว่า 70% ของจำนวนหน่วย\nกิตรวมทั้งหลักสูตร และมีการเตรียมรายงานโครงร่างที่แสดงถึงวัตถุประสงค์ แนวความคิด วิธีการศึกษา\nแผนการทำงานและงบประมาณรายจ่ายของโครงงานเทคโนโลยีวิศวกรรมคอมพิวเตอร์ มีการดำเนินงาน\nออกแบบ สร้างและทดสอบ เพื่อฝึกให้คุ้นเคยกับการค้นคว้า การแก้ปัญหาทางวิศวกรรมและการนำเสนอ\nผลงานเป็นรูปเล่มปริญญานิพนธ์'),
('030513163', 'Radio and Television Engineering Technology Project', '3', 'เป็นโครงงานสําหรับนักศึกษาที่มีจํานวนหน่วยกิตสะสมไม่ต่ํากว่า 70% ของจํานวน หน่วยกิตรวมทั้งหลักสูตร และมีการเตรียมรายงานโครงร่างที่แสดงถึงวัตถุประสงค์ แนวความคิด วิธีการศึกษาแผนการทํางานและงบประมาณรายจ่ายของโครงงาน เทคโนโลยีวิศวกรรมการกระจายเสียงวิทยุและโทรทัศน์ มีการดําเนินงานออกแบบ สร้าง และทดสอบ เพื่อฝึกให้คุ้นเคยกับการค้นคว้าและแก้ปัญหาทางวิศวกรรม และนําเสนอ ผลงานเป็นรูปเล่มปริญญานิพนธ์ '),
('030513164', 'Radio Wave Propagation', '3', 'การจัดสรรความถี่วิทยุ ระบบวิทยุพื้นฐาน การกระจายคลื่นในชั้นบรรยากาศ ไอโอ โนสเฟียร์ การกระจายคลื่นแบบกระเจิงในชั้นบรรยากาศโทรโพสเฟียร์ ระบบถ่ายทอด ไมโครเวฟ ระบบสื่อสารผ่านดาวเทียมและผ่านอวกาศ เรดาร์ การลดทอนกําลังงานของ คลื่นอย่างรวดเร็วในแถบความถี่แคบและแถบความถี่กว้าง การกระจายแบบรวงผึ้ง การ แพร่กระจายคลื่นในสภาพบรรยากาศไม่คงที่'),
('030513165', 'Optical Communication ', '3', 'ท่อนําคลื่นไดอิเล็กทริกทรงกระบอกและเงื่อนไขการแพร่กระจายคลื่น คุณสมบัติและ โครงสร้างของใยแก้วนําแสง พารามิเตอร์ของใยแก้วนําแสง การผลิตใยแก้วนําแสง ประเภทของเคเบิลเส้นใยแก้ว แหล่งกําเนิดแสง ตัวตรวจจับแสง การผิดเพี้ยนการลดทอน และดิสเพอร์ชันของสัญญาณในลิงค์เส้นใยแก้ว ตัวขยายกําลังและทวนสัญญาณแสง การ คํานวณลิงค์บัดเจ็ด การมัลติเพล็กซ์ในระบบสื่อสารทางแสง บทนําเกี่ยวกับเอฟทีทีเอ็ก '),
('030513166', 'Wireless Communication ', '3', 'ระบบสื่อสารแบบไร้สาย ทฤษฎีและหลักการพื้นฐานของระบบสื่อสารเคลื่อนที่ ลักษณะและผลกระทบของการแพร่กระจายคลื่นวิทยุ เทคนิคการกล้ําสัญญาณ การ เข้ารหัสเสียง เทคนิคการมัลติเพล็ก การเชื่อมอุปกรณ์ในโครงข่ายการสื่อสารแบบ เคลื่อนที่ มาตราฐานระบบสื่อสาร แบบเคลื่อนที่ในปัจจุบันระบบสื่อสารยุคที่ 3 ยุคที่ 4 ยุคที่ 5 และระบบสื่อสารเคลื่อนที่ในอนาคต โครงข่ายการสื่อสารแบบรวงผึ้ง การเข้าถึง ช่องสัญญาณแบบหลายผู้ใช้ การแทรกสอดระหว่างช่องสัญญาณ ค่าความจุของ ช่องสัญญาณไร้สายแบบผู้ใช้คนเดียวและหลายผู้ใช้ ระบบสื่อสารเคลื่อนที่แบบไมโม'),
('030513167', 'Selected Topics in Telecommunications Engineering Technology ', '3', 'วิชาการใหม่ๆ ทางด้านวิศวกรรมโทรคมนาคมที่อยู่ในความสนใจของวงการ วิศวกรรมโทรคมนาคมในระยะเวลานั้น '),
('030513168', 'Modern Communication', '3', 'หลักการ เทคนิค และวิธีการของเทคโนโลยีสื่อสารสมัยใหม่ ที่ใช้อยู่ตามสภาพการณ์ ในปัจจุบัน ทั้งในระบบแอนะล็อกและดิจิทัล การใช้เครื่องมือและอุปกรณ์สื่อสาร การ คอมพิวเตอร์เพื่อช่วยในการศึกษาและออกแบบเทคโนโลยีการสื่อสารสมัยใหม่ '),
('030513169', 'Satellite Communication ', '3', 'ระบบดาวเทียมสื่อสารแบบต่างๆ ดาวเทียมวงโคจรต่ํา ดาวเทียม วงโคจรปานกลาง ดาวเทียมอยู่กับที่ ระบบจานสายอากาศ กระบวนการโมดูเลต ดีโมดูเลต การเข้ารหัสและ การถอดรหัสในระบบสื่อสารดาวเทียม การแพร่กระจายคลื่นระหว่างโลกและดาวเทียม ชั้นบรรยากาศไอโอโนสเฟียร์ และผลกระทบต่อสัญญาดาวเทียม การสูญเสียของ สัญญาณเนื่องจากชั้นบรรยากาศ เสียงรบกวน ทรานสปอนเดอร์ของดาวเทียม การส่ง สัญญาณผ่านดาวเทียมแบบต่างๆ การสื่อสารระหว่างดาวเทียมสถานีภาคพื้นดิน การเปลี่ยนแปลงทางแอมพลิจูดอย่างกระทันหันของสัญญาณดาวเทียม การลดทอนของ สัญญาณดาวเทียมในชั้นบรรยากาศ '),
('030513170', 'Broadband Communication', '3', 'หลักการของการสื่อสารบรอดแบนด์สําหรับระบบโทรศัพท์แบบสวิตซ์ชิงและระบบโทรศัพท์ แบบวีโอไอพี ระบบเครือข่ายบริเวณกว้าง เอทีเอ็ม วีพีเอ็น เอฟดีดีไอ ดีเอสแอลและเทคนิค สวิตซ์ชิงในปัจจุบัน อินเทอร์เน็ต อินทราเน็ต เอสดีเฮช วิศวกรรมโคร่งข่ายและคิวโอเอส เอฟไอทีเฮช ไวเลสโลคอลแอเรียเน็ตเวิร์ค เครือข่ายพาสซีฟ ออปติคอลเน็ตเวิร์ค ระบบสื่อ สัญญาณแสงแบบดีดับบลิวดีเอ็ม ทฤษฎีของการสื่อสารผ่านสายส่งกําลังไฟฟ้าสําหรับแนร์โรว์แบด์ การสื่อสารบรอดแบนด์ มาตรฐานของระบบเครือข่ายการสื่อสารผ่านสายส่งกําลังไฟฟ้า'),
('030513171', 'Mobile Wireless Network ', '3', ' การสื่อสารข้อมูลแบบไร้สาย คุณภาพการให้บริการและเทคโนโลยีการสื่อสารแบบ เครือข่ายพื้นที่กว้าง เครือข่ายท้องถิ่น และเครือข่ายส่วนตัว โพรโทคอล การเข้าถึงของ เครือข่ายไร้สายต่างๆ หลักการออกแบบและการบริหารทรัพยากร  '),
('030513172', 'Computer Control of Machines and Processes ', '3', 'การประยุกต์ใช้คอมพิวเตอร์ในการเฝ้าระวังกระบวนการและการควบคุม การ เชื่อมต่อคอมพิวเตอร์กับอุปกรณ์อินพุตเอาต์พุตของกระบวนการ การประมวลสัญญาณ อินพุตเอาต์พุต การจําลองกระบวนการ ระบบควบคุมแบบวงปิดโดยใช้คอมพิวเตอร์ การควบคุมแบบลําดับ '),
('030513173', 'Digital Signal Processing ', '3', 'การประมวลผลสัญญาณดิจิทัล รูปร่างลักษณะของสัญญาณช่วงเวลา การแปลงฟูริเยร์แบบไม่ต่อเนื่อง การแปลงฟูริเยร์แบบเร็ว การแปลงซี เทคนิคการ ออกแบบวงจรกรองความถี่ดิจิทัลแบบเอฟไออาร์และไอไออาร์ และการนําไปใช้ '),
('030513175', 'Communication Circuit Design', '3', 'วงจรฟังก์ชันแอนะล็อก วงจรออสซิเลเตอร์ วงจรกรอง วงจรเฟสล็อกลูป หลักการ สังเคราะห์ความถี่ การออกแบบวงจรขยายสัญญาณความถี่สูง วงจรมอดูเลตและดีมอดูเลต วงจรเครื่องรับและเครื่องส่ง '),
('030513177', 'Industrial Safety ', '3', 'กฎเกณฑ์ในการวางระเบียบและแบบแผนมาตรการความปลอดภัยในโรงงาน การป้องกัน อุบัติเหตุต่างๆ ที่เกิดขึ้นได้ในขณะปฏิบัติงาน การวางผังโรงงานเพื่อลดอุบัติเหตุ การออกแบบป้องกัน อุปกรณ์ป้องกันอุบัติเหตุทางด้านงานเชื่อมงานไฟฟ้า งานที่เกี่ยวข้องกับเชื้อเพลิงและงานที่เกี่ยวข้อง กับสารพิษ การจัดหน่วยงานบริหารทางด้านการวางแผนความปลอดภัยและสุขภาพในการทํางาน '),
('030513178', 'Discrete Control System', '3', 'กระบวนการสร้างและเปลี่ยนรูปสัญญาณจากแอนะล็อกเป็นดิจิทัลและดิจิทัลเป็น แอนะล็อก การแปลงซีและการแปลงซีผกผัน การสุ่มตัวอย่างสัญญาณ การวิเคราะห์ ระบบแบบไม่ต่อเนื่องในระนาบซี การหาฟังก์ชันถ่ายโอนของตัวควบคุมแบบไม่ต่อเนื่อง การวิเคราะห์ด้วยปริภูมิสถานะสําหรับระบบไม่ต่อเนื่อง นิยามของความสามารถในการ ควบคุมได้และการสังเกตได้ การออกแบบระบบควบคุมด้วยวิธีการหาเส้นทางเดินของ รากและการหาผลตอบสนองเชิงความถี่ การออกแบบตัวควบคุมและตัวสังเกตระบบด้วย วิธีการแทนค่าโพล การสังเคราะห์ลูปการควบคุมแบบไม่ต่อเนื่อง '),
('030513179', 'Introduction to Robotics', '3', 'ระบบอัตโนมัติต่างๆ ไมโครโปรเซสเซอร์ไอซีแปรสภาพสัญญาณอนาล๊อกเป็นสัญญาณ ดิจิทัล ตัวควบคุมในงานแบบทันท่วงที เทคนิคและการควบคุมหุ่นยนต์ หุ่นยนต์แบบฉลาด '),
('030513180', 'Image Processing Application in Instrumentation and Control ', '3', 'การประมวลผลภาพทางอุตสาหกรรม รูปแบบของการตรวจสอบคุณภาพด้วยการ มองและด้วยภาพ องค์ประกอบของระบบการประมวลผลภาพ ทฤษฎีคณิตศาสตร์ในการ ประมวลผลภาพ การแปลงโคออร์ดิเนตของภาพ การหาขอบของวัตถุในภาพ การแบ่ง ส่วนภาพ การจัดกลุ่มของวัตถุ การหาคุณลักษณะของวัตถุ การประมวลผลภาพสี'),
('030513181', 'Knowledge-based Control Systems', '3', ' ระบบควบคุมแบบดั้งเดิมและระบบควบคุมแบบอิงฐานความรู้ ปัญญาประดิษฐ์ การจัดหมวดหมู่ความรู้ ตรรกคณิตศาสตร์ที่ใช้ในระบบอิงฐานความรู้ ฟัซซี่ลอจิก การ คํานวณแบบโครงข่ายประสาท การได้มาของข้อมูลและการประมวลผลฐานความรู้ ระบบผู้เชี่ยวชาญ ระบบควบคุมแบบขึ้นกับเหตุการณ์'),
('030513182', 'Sensor Applications ', '3', 'การประยุกต์ใช้เซ็นเซอร์และทรานส์ดิวเซอร์ในงานด้านอุตสาหกรรมรถยนต์ อุตสาหกรรมอาหาร หุ่นยนต์และเทคโนโลยีอวกาศ การออกแบบวงจรปรับแต่งสภาพ สัญญาณและการต่อเชื่อมสัญญาณที่เหมาะสมกับงานประเภทนั้น ๆ'),
('030513183', 'Selected Topics in Instrumentation and Control Engineering Technology ', '3', 'วิทยาการใหม่ๆ ทางด้านเทคโนโลยีเครื่องมือวัดและควบคุมที่อยู่ในความสนใจของ วงการเครื่องมือวัดและควบคุมในระยะเวลานั้น '),
('030513185', 'Computer Vision', '3', 'องค์ประกอบของระบบการมองเห็นของคอมพิวเตอร์ การประมวลภาพในระบบสองมิติ\nการปรับปรุง การเรียกคืนและการกรองข้อมูลภาพ การวิเคราะห์ภาพวิดีโอ การค้นคืนภาพและวิดีโอ การรู้จำ\nด้วยวิธีทางสถิติ การแปลงภาพเพื่อการสังเคราะห์ภาพ การทำความเข้าใจภาพ การวิเคราะห์การเคลื่อนที่'),
('030513187', 'Satellite and Microwave Communication ', '3', 'หลักการสื่อสารไมโครเวฟ พื้นฐานอุปกรณ์ในระบบสื่อสารไมโครเวฟ ทฤษฎีพื้นฐาน สายส่งสัญญาณไมโครเวฟ ทฤษฎีพื้นฐานท่อนําคลื่น การแมตชิ่งอิมพีแดนซ์ การออกแบบ ระบบสื่อสารไมโครเวฟ การวิเคราะห์โครงข่ายไมโครเวฟ หลักการพื้นฐานของการสื่อสาร ดาวเทียม ระบบวงโคจรดาวเทียม ระบบจานสายอากาศ ทฤษฎีการส่งสัญญาณและการ แพร่กระจายคลื่นระหว่างสถานีฐานและดาวเทียม ผลกระทบและการลดทอนสัญญาณใน ชั้นบรรยากาศ การวิเคราะห์ระบบการสื่อสารดาวเทียม'),
('030513188', 'Selected Topics in Computer Engineering Technology', '3', 'วิชาการใหม่ๆ ทางด้านวิศวกรรมคอมพิวเตอร์ที่อยู่ในความสนใจของวงการ วิศวกรรมคอมพิวเตอร์ในระยะเวลานั้น '),
('030513189', 'Virtual Reality Technology', '3', 'ความหมายของคําว่าความจริงเสมือน การจําลองโดยคอมพิวเตอร์ สภาพอุปกรณ์แสดงผลสามมิติ การโต้ตอบกับสิ่งแวดล้อมความจริงเสมือนโดยใช้อุปกรณ์นําเข้ามาตรฐาน หลักการและวิธีการสร้าง ภาพเคลื่อนไหว 3 มิติ การใช้โปรแกรมประยุกต์ในการทําสื่อเทคโนโลยีเสมือนจริงและเทคโนโลยีความ จริงเสมือน การประยุกต์ใช้เทคโนโลยีความจริงเสมือนในงานการกระจายเสียงวิทยุและโทรทัศน์ '),
('030513190', 'Selected Topics in Broadcast Engineering Technology ', '3', ' วิชาการใหม่ๆ ทางด้านวิศวกรรมการกระจายเสียงวิทยุและโทรทัศน์ที่อยู่ในความ สนใจของวงการวิศวกรรมการกระจายเสียงวิทยุและโทรทัศน์ในระยะเวลานั้น'),
('030513191', 'Sound Engineering', '3', ' ทฤษฎีคลื่นเสียง ไมโครโฟน คุณลักษณะสัญญาณเสียง การคํานวณและหน่วยวัด ระบบสตูดิโอและระบบอะคูสติก การคํานวณการยืดเยื้อของเสียง การวัดการสะท้อนของ เสียง เครื่องมิกเซอร์และอุปกรณ์ควบคุมเสียง ปัญหาที่มีผลต่อสัญญาณเสียงและวิธีแก้ไข ระบบบันทึกเสียง การตัดต่อเสียง การจัดระบบเสียงทั้งภายในและนอกสถานที่'),
('030513192', 'Stage Lighting Design ', '3', 'ทฤษฎีแสง การผสมสีของแสง เครื่องมือที่ใช้ในการควบคุมระบบแสง การจัดระบบแสงบนเวทีทั้งในและนอกสตูดิโอ เทคนิคการจัดระบบแสง ประเภทของ หลอดไฟชนิดต่างๆ'),
('030513193', 'Digital Image Processing', '3', 'คุณลักษณะและองค์ประกอบของภาพดิจิทัลแบบ 2 มิติ โอเปอร์เรเตอร์และการ ประมวลผลของจุดภาพ การปรับปรุงภาพ การแปลงฟูริเยร์และการประมวลผลในโดเมน ความถี่ การกู้คืนข้อมูลภาพ เรขาคณิตของภาพและการแปลง กรทําเซกเมนท์เทชั่น และ การจําแนกข้อมูล การใช้งานซอฟต์แวร์ประยุกต์ในงานประมวลผลภาพ  '),
('030513194', 'Intelligent System and Application', '3', ' แนะนําระบบอัจฉริยะ หลักการระบบโครงข่ายประสาทเทียมและการประยุกต์ใช้ งาน หลักการของฟัซซีลอจิก การใช้ฟัซซีลอจิกในระบบควบคุม การใช้ฟัซซีลอจิกในระบบ ช่วยตัดสินใจ หลักการพื้นฐานของกรรมวิธีเชิงพันธุกรรมและการประยุกต์ ระบบความ ฉลาดแบบอาศัยกลุ่ม ระบบลูกผสม หัวข้อด้านระบบอัจฉริยะที่กําลังได้รับความสนใจ '),
('030513195', 'Advanced Digital System Design', '3', 'ทบทวนหลักการออกแบบระบบดิจิทัล หลักการและเทคนิคการใช้เครื่องมือในการ ออกแบบระบบดิจิทัล การใช้ภาษาอธิบายการทํางานของฮาร์ดแวร์และการออกแบบ การออกแบบระบบดิจิทัลโดยใช้วงจรรวมและอุปกรณ์ที่สามารถโปรแกรมได้ การจําลอง ระบบดิจิทัล การออกแบบระบบดิจิทัลเพื่อการประมวลผลสัญญาณเชิงเลข '),
('030513196', 'Broadcasting Research Methodology ', '3', 'ศึกษาแนวคิด หลักการพื้นฐานของการวิจัย ปัญหาการวิจัย ขั้นตอนของการวิจัย เครื่องมือ การวิจัย การเก็บรวบรวมข้อมูล การใช้สถิติเพื่อการวิเคราะห์ข้อมูล การเขียนโครงร่างการวิจัย การนําเสนอและการวิพากษ์โครงร่างการวิจัยจากบทความวิจัยที่น่าสนใจในสาขาวิศวกรรมการ กระจายเสียงวิทยุและโทรทัศน์ รวมทั้งเข้าใจหลักการจรรยาบรรณของนักวิจัยที่ดี'),
('030513197', 'Law and Ethics in Radio and Television Broadcast ', '3', ' ศึกษาประเด็นและกฎหมายที่เกี่ยวข้องกับงานทางด้านการกระจายเสียงวิทยุและ โทรทัศน์ อาทิ กฎหมายการเผยแพร่ออกอากาศ กฎหมายสิทธิมนุษยชน กฎหมายธุรกิจ และการโฆษณา พระราชบัญญัติการพิมพ์ พระราชบัญญัติข้อมูลข่าวสาร พระราชบัญญัติ องค์กรจัดสรรคลื่นความถี่และกํากับกิจการวิทยุกระจายเสียงและโทรทัศน์ พระราชบัญญัติลิขสิทธิ์ การละเมิดสิทธิส่วนบุคคล การหมิ่นประมาท เป็นต้น '),
('030513198', 'Optical Communication for Broadcasting', '3', ' ท่อนําคลื่นไดอิเล็กทริกทรงกระบอกและเงื่อนไขการแพร่กระจายคลื่น คุณสมบัติ และโครงสร้างของใยแก้วนําแสง การผลิตใยแก้วนําแสง การแผ่รังสี ของแสง แหล่งกําเนิดแสง ตัวตรวจจับแสง การผิดเพี้ยนและการลดทอนของสัญญาณแสงใน เส้นใยแก้ว เทคนิคการมอดูเลตสัญญาณ การส่งลําแสงกําลังสูงและการคับปลิ้ง การ มัลติเพล็กซ์และการดีมัลติเพล็กซ์ การออกแบบระบบสื่อสารทางแสงสําหรับงานการ กระจายเสียงและโทรทัศน์ การใช้เครื่องมือวัดสําหรับระบบสื่อสารใยแก้วนําแสงสําหรับ งานการกระจายเสียงและโทรทัศน์ '),
('030513200', 'Electronics Laboratory ', '1', 'ปฏิบัติการเกี่ยวกับวงจรอิเล็กทรอนิกส์ เพื่อสนับสนุนวิชา 030513100 อิเล็กทรอนิกส์วิศวกรรม '),
('030513220', 'Electronics Practice I', '2', 'ความปลอดภัยในการทำงาน จรรยาบรรณวิชาชีพ ระบบไฟฟ้า การเดินสายไฟภายในบ้าน\nหม้อแปลง อุปกรณ์อิเล็กทรอนิกส์ วงจรเร็กติฟายด์ วงจรควบคุมแรงดันไฟฟ้า การจัดวางอุปกรณ์และประกอบ\nอุปกรณ์ลงกล่อง การใช้เครื่องมือวัดทางอิเล็กทรอนิกส์ในการตรวจสอบวงจร'),
('030513221', 'Electronics Practice II ', '2', 'ออกแบบแผ่นวงจรพิมพ์โดยใช้โปรแกรมออกแบบแผ่นวงจรพิมพ์สําหรับอุปกรณ์แบบ วางทะลุแผ่น (DIP) และแบบวางบนผิวแผ่น (SMD) สร้างแผ่นวงจรพิมพ์ในงานอิเล็กทรอนิกส์ ออกแบบวงจรขยายสัญญาณ สร้างลายวงจรด้านสื่อสารและการแก้ปัญหาสัญญาณรบกวน '),
('030513240', 'Telecommunication Practice I', '2', 'เทคโนโลยีสมองกลฝังตัว และการประยุกต์ใช้งาน สถาปัตยกรรมของ ไมโครคอนโทรลเลอร์และองค์ประกอบภายใน การเขียนโปรแกรมสําหรับ ไมโครคอนโทรลเลอร์ด้วยภาษาระดับสูง การเชื่อมต่อกับอุปกรณ์ภายนอก การใช้งาน อินเตอร์รัปต์ การสื่อสารผ่านระบบเครือข่ายต่างๆ การเชื่อมต่อกับเซ็นเซอร์และ แอคทูเอเตอร์ ระบบปฏิบัติการสําหรับระบบสมองกลฝังตัว '),
('030513241', 'Communication Laboratory I ', '1', 'การทดลองพื้นฐานของการสื่อสารแบบแอนะล็อก การมอดูเลตแบบแอมพลิจูด แถบข้างคู่และแถบข้างเดียว การมอดูเลตแบบความถี่ การมอดูเลตแบบเฟส การมอดูเลต แบบแอมพลิจูดพัลส์ การมอดูเลตความกว้างพัลส์ '),
('030513243', 'Computer Practice I', '2', 'การออกแบบและสร้างวงจรตรวจจับ เครื่องมือวัด ไมโครคอนโทรลเลอร์ควบคุมอุปกรณ์\nอินพุตหรือเอาท์พุต วงจรอิเล็กทรอนิกส์ที่ใช้ควบคุมในงานอุตสาหกรรม การเขียนโปรแกรมควบคุมได้โดยใช้\nคอมพิวเตอร์ไมโครโปรเซสเซอร์หรือตัวควบคุมแบบโปรแกรมได้ งานควบคุมแบบระบบอัตโนมัติ และการเขียน\nโปรแกรมควบคุม การออกแบบและการทดสอบฮาร์ดแวร์ การพัฒนาซอฟต์แวร์โดยใช้ภาษาขั้นสูง\nการตรวจสอบความผิดพลาดของซอฟต์แวร์'),
('030513244', 'Radio and Television Practice I ', '2', 'การทํางานในห้องสตูดิโอ ฝึกปฏิบัติการผลิตรายการโทรทัศน์ในสภาพการณ์จริง ควบคุมการผลิตรายการตลอดจนกระบวนการออกอากาศ ติดตั้งอุปกรณ์ที่ใช้ในงานผลิต รายการออกอากาศ การติดตั้งกล้อง ระบบควบคุมสัญญาณ ระบบเสียง ระบบแสง การ สร้างฉาก การใช้เครื่องมือในการผลิตรายการออกอากาศ การใช้เครื่องมือวัดและทดสอบ ระบบ ตลอดจนเทคนิควิธีการแก้ไขปัญหาเฉพาะหน้าและทักษะการทํางานร่วมกับผู้อื่น'),
('030513245', 'Radio and Television Laboratory I', '1', 'การทดลองพื้นฐานการส่งสัญญาณความถี่วิทยุและไมโครเวฟในงานกระจายเสียงวิทยุ และโทรทัศน์ การใช้เครื่องมือวัดและทดสอบทางความถี่ในงานกระจายเสียงวิทยุและโทรทัศน์ การใช้เครื่องมือวิเคราะห์เครือข่ายการออกอากาศในงานกระจายเสียงวิทยุและโทรทัศน์ '),
('030513246', 'Telecommunication Practice II ', '2', 'การติดตั้ง การทดลองอุปกรณ์สื่อสารใยแก้วนําแสง อุปกรณ์สื่อสารดาวเทียม อุปกรณ์สื่อสารไมโครเวฟ อุปกรณ์สื่อสารวิทยุ การใช้เครื่องมือวัดทางด้านการสื่อสาร '),
('030513247', 'Communication Laboratory II ', '1', 'การทดลองพื้นฐานการสื่อสารแบบดิจิทัล การมอดูเลตแบบพีซีเอ็ม เอเอสเค พีเอสเค เอฟเอสเค การมอดูเลตแบบเดลต้า การวัดสัญญาณด้วยรูปแบบดวงตา การมอ ดูเลชันแบบแผ่สเปกตรัมพื้นฐาน การเข้ารหัสและถอดรหัสพื้นฐาน '),
('030513249', 'Computer Practice II', '2', 'มุ่งเน้นเพื่อฝึกทักษะในการพัฒนาแอปพลิเคชันโปรแกรมที่มีขนาดใหญ่และซับซ้อน การใช้\nเครื่องมือทางซอฟต์แวร์เพื่อการออกแบบ วิเคราะห์ และทดสอบประสิทธิภาพการทำงานของแอปพลิเคชัน\nเพื่อให้สอดคล้องกับวิชา 030513151 วิศวกรรมซอฟต์แวร์'),
('030513250', 'Radio and Television Practice II ', '2', 'การจัดระบบโทรทัศน์วงจรปิดและการออกอากาศผ่านคลื่นวิทยุและโครงข่าย คอมพิวเตอร์ การติดตั้งเครื่องส่งเครื่องรับสัญญาณโทรทัศน์และระบบสายอากาศ ฝึก การทํางานเป็นระบบสถานีโทรทัศน์ดิจิทัล การใช้เครื่องมือวัดและทดสอบสัญญาณ การ ผลิตรายการโทรทัศน์ในสภาพการณ์จริงที่เป็นประโยชน์ต่อสังคม ตลอดจนเทคนิควิธีการ แก้ไขปัญหาเฉพาะหน้าและทักษะการทํางานร่วมกับผู้อื่น '),
('030513251', 'Radio and Television Laboratory II', '1', 'การส่งสัญญาณผ่านระบบใยแก้วนําแสงในงานกระจายเสียงวิทยุและโทรทัศน์ การ ใช้เครื่องมือวัดและทดสอบระบบใยแก้วนําแสงในงานกระจายเสียงวิทยุและโทรทัศน์ การ ใช้เครื่องมือวิเคราะห์เครือข่ายระบบใยแก้วนําแสงในงานกระจายเสียงวิทยุและโทรทัศน์'),
('030513252', 'Computer Engineering Seminar', '1', 'ศึกษาหัวข้อที่น่าสนใจในปัจจุบัน และการพัฒนาใหม่ทางด้านวิศวกรรมคอมพิวเตอร์ โดย\nจัดทำเป็นรายงานและอภิปรายร่วมกัน'),
('030513253', 'Instrumentation and Control Practice I ', '2', 'การนําเซ็นเซอร์และทรานสดิวเซอร์ทั่วไปและเฉพาะทางสําหรับอุตสาหกรรมมา ประยุกต์ใช้ในกระบว นการคว บคุมแบบป้อนกลับอย่างง่าย ประยุกต์ใช้ ไมโครคอนโทรลเลอร์ อุปกรณ์ควบคุมแบบโปรแกรมได้ '),
('030513254', 'Instrumentation and Control Practice II ', '2', 'โครงงานขนาดเล็กด้านเครื่องมือวัด และกระบวนการควบคุม การนําไปใช้และการ ประยุกต์ใช้เครื่องมือวัด เซ็นเซอร์ และระบบควบคุม'),
('030513260', 'Co-operative Education', '6', 'วิชาฝึกงานร่วมกันระหว่างมหาวิทยาลัยและเอกชนหรือภาครัฐในรูปแบบสหกิจศึกษาใน\nสาขาวิชาที่เกี่ยวข้อง นักศึกษาจะต้องเข้าไปทำงานในโรงงานอุตสาหกรรม หรือบริษัท หรือหน่วยงานภาครัฐ\nหรือสถานประกอบการจริง โดยความเห็นชอบของภาควิชา มีช่วงการทำงานไม่น้อยกว่า 1 ภาคการศึกษา การ\nทำงานจะอยู่ภายใต้การกำกับดูแล และให้คะแนนร่วมกันระหว่างผู้สอนวิชาสหกิจศึกษาของภาควิชาต้นสังกัด\nและผู้ประกอบการ ภายหลังเสร็จสิ้นการทำงาน นักศึกษาจะต้องรายงานการปฏิบัติงานเสนอภาควิชาต้นสังกัด\nเพื่อใช้ประกอบการประเมิน'),
('030513262', 'Broadcasting Seminar', '1', 'การจัดทําโครงการสัมมนาทางด้านการกระจายเสียงวิทยุและโทรทัศน์หรือใน ประเด็นที่นักศึกษาสนใจ มีการเตรียมรายงานโครงร่างที่แสดงถึงหลักการและเหตุผลใน การจัดทําโครงการ วัตถุประสงค์ แนวความคิด วิธีการศึกษา แผนการทํางานและ งบประมาณรายจ่ายของโครงการสัมมนาที่จัดทําขึ้น มีการดําเนินงานติดต่อประสานงาน อย่างเป็นระบบและสามารถออกแบบรูปแบบการจัดสัมมนาได้ '),
('030513300', 'Computer Programming ', '3', 'แนวคิดเกี่ยวกับคอมพิวเตอร์ ส่วนประกอบคอมพิวเตอร์ ปฏิสัมพันธ์ของฮาร์ดแวร์ และซอฟต์แวร์ ภาษาคอมพิวเตอร์ที่ใช้ในปัจจุบัน การเขียนโปรแกรมคอมพิวเตอร์'),
('030513322', 'Object-Oriented Programming', '3', 'โครงสร้างภาษาเชิงวัตถุ หลักการออกแบบและพัฒนาซอฟต์แวร์เชิงวัตถุ แนวคิดและ\nคุณสมบัติของ วัตถุ คลาส การห่อหุ้ม การสืบทอด การพ้องรูป คลาสนามธรรมและอินเตอร์เฟส การเขียน\nโปรแกรมเชิงเหตุการณ์ การออกแบบและการเขียนโปรแกรมที่มีส่วนต่อประสานกราฟิกกับผู้ใช้'),
('030513326', 'Data Structure and Algorithm Analysis', '3', 'โครงสร้างข้อมูลพื้นฐาน สแตก คิว ลิสท์ การโปรแกรมเรียกซ้ำ ทรี กราฟ พื้นฐานอัลกอริทึม\nสำหรับการค้นหา การเรียงข้อมูล กลวิธีการออกแบบอัลกอริทึม การแบ่งแยกและเอาชนะ การโปรแกรมเชิง\nพลวัต อัลกอริทึมเชิงละโมบ'),
('030513328', 'Digital Communication System ', '3', 'ระบบแบบการสื่อสารแบบสัญญาณดิจิทัล การมอดูเลตและดีมอดูเลตในรูปแบบสัญญาณ ดิจิทัลแบบต่าง ๆ วิธีการเข้าจังหวะและการควบคุม การเข้ารหัสและการถอดรหัสช่องสัญญาณ '),
('030513329', 'Micro-electronics ', '3', 'คุณลักษณะของอุปกรณ์สารกึ่งตัวนํา โครงสร้างและการทํางานของอุปกรณ์ อิเล็กทรอนิกส์ กรรมวิธีการสร้างวงจรรวม คุณลักษณะสมบัติของวงจรรวมชนิดเชิงเส้นและ ออปแอมป์ การต่อออปแอมป์ในลูปปิดและลูปเปิด การประยุกต์ใช้งานไอซีออปแอมป์ '),
('030513330', 'Television and Video Control System ', '3', 'หลักการทํางานของอุปกรณ์คว บคุมสัญญาณวีดิทัศน์ในห้องคว บคุม ตัวควบคุมกล้องสวิทซ์ชิง เครื่องตรวจสอบสัญญาณภาพและสัญญาณเสียง ตัวควบคุมสัญญาณเสียงและมิกซ์เสียง อุปกรณ์แทรกตัวอักษรและภาพเอ็ฟเฟ็คพิเศษ ตัวบันทึกสัญญาณโทรทัศน์ '),
('030513331', 'Industrial Sensor and Measurement', '3', 'โครงสร้างและคุณสมบัติของเซ็นเซอร์และทรานสดิวเซอร์ที่ใช้ในอุตสาหกรรมสําหรับ การวัดความดัน วัดการไหล วัดระดับ วัดอุณหภูมิและวัดค่าความเป็นกรด-ด่าง ตัวตรวจจับ ระยะใกล้ การแปลงสัญญาณจากเซ็นเซอร์และทรานสดิวเซอร์เป็นสัญญาณมาตรฐานที่ใช้ใน อุตสาหกรรม ทฤษฎีการวัดเบื้องต้น การประยุกต์ใช้อุปกรณ์ตรวจจับระยะใกล้ เซ็นเซอร์และ ทรานสดิวเซอร์ชนิดต่าง ๆ ที่ใช้ในการวัดค่าในอุตสาหกรรมสําหรับงานการวัดระยะขจัด ความเครียด ความเร็ว อุณหภูมิ ความดัน ระดับ อัตราการไหลและค่าพีเอช '),
('030513332', 'Electronic circuits for Instrumentation', '3', ' คุณลักษณะของอุปกรณ์สารกึ่งตัวนํา วงจรขยายความแตกต่าง การต่อออปแอมป์ ในแบบลูปปิดและลูปเปิด การประยุกต์ใช้งานไอซีออปแอมป์ในงานวัดและควบคุม การ ออกแบบวงจรสําหรับอุปกรณ์ตรวจจับ '),
('030513333', 'Database Design and Applications', '3', 'ความหมายและองค์ประกอบระบบฐานข้อมูล รูปแบบของฐานข้อมูล การออกแบบ การออกแบบและการใช้ฐานข้อมูล ฐานข้อมูลเชิงสัมพันธ์ ภาษาสําหรับการจัดการ ฐานข้อมูล การจัดระบบ ข้อมูลในรูปแบบบรรทัดฐาน แบบจําลองความสัมพันธ์ระหว่าง ข้อมูล ปัญหาและการควบคุมการใช้ระบบฐานข้อมูล ระบบฐานข้อมูลแบบกระจาย '),
('030513334', 'Digital Circuit and Logic Design', '3', 'หลักการและทฤษฎีเบื้องต้นของระบบดิจิทัล ระบบตัวเลขและรหัสพีชคณิต บูลีนและสวิตชิง\nฟังก์ชัน อุปกรณ์สวิตชิง วงจรตรรกะ การลดทอนบูลีนฟังก์ชัน ผังของคานอร์ ตารางความจริง เกท\nการออกแบบวงจรคอมไบเนชันด้วยวงจรตรรกะ การออกแบบวงจรซีเควนเชียล วงจรฟลิปฟลอป รีจิสเตอร์\nวงจรนับ วงจรเข้ารหัส วงจรถอดรหัส หน่วยความจำ พื้นฐานการออกแบบวงจรดิจิทัลด้วยเอฟพีจีเอ'),
('030513335', 'Microcontroller Systems', '3', 'สถาปัตยกรรมของไมโครคอนโทรลเลอร์และไมโครโปรเซสเซอร์ ชุดคำสั่งและการเขียน\nโปรแกรมภาษาแอสเซมบลี การเขียนโปรแกรมภาษาระดับสูง การเชื่อมต่ออินพุต/เอาต์พุต อินเตอร์รัพต์\nการประยุกต์ใช้งานตัวนับและตัวตั้งเวลา พอร์ตสื่อสารแบบอนุกรม การออกแบบระบบและการประยุกต์ใช้งาน'),
('030513337', 'Artificial Intelligence', '3', ' วิวัฒนาการของการนําเสนอองค์ความรู้และตรรกะ การเรียนรู้ของเครื่องจักร โครงข่ายประสาทเทียม ระบบหลายตัวจัดการ การรู้จําและแยกแยะรูปแบบ การ ประยุกต์ใช้ปัญญาประดิษฐ์ในทางวิศวกรรม '),
('030513341', 'Industrial Control Technology ', '3', 'การปรับแต่งสภาพสัญญาณและการต่อเชื่อมสัญญาณด้วยวงจรอินสทรูเมนเทชัน แอมปลิไฟล์ วงจรปรับค่าความชันและตําแหน่งศูนย์ วงจรเปลี่ยนแรงดันให้เป็นกระแส วงจรเปลี่ยนกระแสให้เป็นแรงดัน วงจรเปลี่ยนแรงดันให้เป็นความถี่ วงจรเปลี่ยนความถี่ ให้เป็นแรงดัน วงจรแยกสัญญาณและกราวน์ดิ้ง ตัวควบคุมแบบแอนะล็อก ตัวควบคุมแบบเปิดปิด ตัวควบคุมแบบพี แบบพีไอและแบบพีไอดี วงจรเชื่อมต่อกับตัวจ่ายกําลัง วงจรขยายกําลัง วงจรจุดชนวนไทริสเตอร์ '),
('030513342', 'Dynamic Web Programming ', '3', ' นิยามของการโปรแกรมเว็บเชิงไดนามิก การเขียนโปรแกรมบนเว็บด้วยภาษา HTML การใช้คําสั่ง HTML ในการสร้างตารางและแบบฟอร์ม แนะนําภาษา PHP เบื้องต้น การรับข้อมูลจากแบบฟอร์ม การโต้ตอบกับแบบฟอร์มแบบต่างๆ การเขียน คําสั่งเงื่อนไขและวนรอบด้วยภาษา PHP การเขียนฟังก์ชัน การใช้งานคุกกี้และการ จัดการเซสชันในภาษา PHP แนะนําการใช้งานไลบรารี Bootstrap การเขียนอีอาร์ ไดอะแกรม การจัดการระบบฐานข้อมูลด้วยภาษา SQL การเขียนเว็บด้วยภาษา PHP ให้ เชื่อมต่อกับระบบฐานข้อมูล การแสดงผลแบบไดนามิก การตรวจสอบสิทธิและการรักษา ความปลอดภัยของข้อมูล การประมวลผลผ่านทางเว็บ การประยุกต์ใช้ฐานข้อมูลบนเว็บ กับธุรกรรมอิเล็กทรอนิกส์ '),
('030513343', 'Computer Network System', '3', 'ภาพรวมของเครือข่ายคอมพิวเตอร์ องค์ประกอบและสถาปัตยกรรมต่าง ๆ ของ เครือข่ายคอมพิวเตอร์ โปรโตคอลการสื่อสาร มาตรฐานและเทคโนโลยีของเครือข่าย คอมพิวเตอร์แบบมีสายและแบบไร้สาย อุปกรณ์ต่าง ๆ ที่ใช้ในเครือข่ายคอมพิวเตอร์ การ หาเส้นทางข้อมูล กลวิธีควบคุมความคับคั่งในการส่งข้อมูล การออกแบบระบบเครือข่าย ตามข้อกําหนด มาตรฐานและรายละเอียดโปรโตคอลนําส่งข้อมูล การนําเครือข่าย คอมพิวเตอร์ไปใช้งาน ระบบการรักษาความปลอดภัยของข้อมูลเบื้องต้น การใช้งาน โปรแกรมจําลองระบบเครือข่ายในการออกแบบและทดสอบก่อนนําไปใช้งานจริง '),
('030513345', 'SCADA System ', '3', 'หลักการและองค์ประกอบของระบบสกาดา ส่วนประกอบของสถานีควบคุมหลัก และสถานีย่อย การเชื่อมต่อระหว่างสถานีควบคุมหลักกับสถานีย่อย ชนิดของทอพอโลยี ระบบการสื่อสารที่ใช้ในระบบสกาดา ฟังก์ชันการทํางานของระบบสกาดา ระเบียบวิธีต่อ มอดบัส การจัดเก็บข้อมูลของระบบสกาดา '),
('030513346', 'Web Application Development', '3', 'องค์ประกอบและสถาปัตยกรรมของการเขียนโปรแกรมบนเว็บ การสร้างเว็บเพจขั้นพื้นฐาน\nการเขียนโปรแกรมบนเว็บ การตกแต่งหน้าเว็บ การเขียนโปรแกรมให้เว็บสามารถตอบสนองกับผู้ใช้งาน\nกรอบการเขียนโปรแกรมบนเว็บ การประยุกต์ใช้งานฐานข้อมูลกับเว็บ การป้องกันและรักษาความปลอดภัย\nของเว็บ'),
('030513347', 'Mobile and Cloud Computing', '3', 'แนวคิด สถาปัตยกรรม ของ การพัฒนาโปรแกรมประยุกต์สําหรับอุปกรณ์เคลื่อนที่ และ การบริหารจัดการระบบกลุ่มเมฆ เครื่องมือของการพัฒนาโปรแกรมประยุกต์สําหรับอุปกรณ์เคลื่อนที่ การออกแบบส่วนติดต่อกับผู้ใช้และการพัฒนาโปรแกรมประยุกต์บนอุปกรณ์เคลื่อนที่ ความมั่นคง ปลอดภัยของโปรแกรมประยุกต์บนอุปกรณ์เคลื่อนที่ การประยุกต์ใช้งานระบบกลุ่มเมฆในรูปแบบต่าง ๆ การพัฒนาโปรแกรมประยุกต์ให้ทํางานร่วมกับระบบกลุ่มเมฆ '),
('030513348', 'Embedded Control System', '3', 'องค์ประกอบระบบฝังตัว การออกแบบฮาร์ดแวร์และเฟิร์มแวร์ของระบบฝังตัว\nระบบปฏิบัติการเวลาจริง สำหรับระบบฝังตัว เซนเซอร์ แอคทูเอเตอร์และการเชื่อมต่อกับระบบฝังตัว\nการประยุกต์ใช้งานระบบฝังตัว'),
('030513349', 'Engineering Metrology', '3', ' มาตรวิทยาเบื้องต้น ความสามารถในการสอบกลับได้ การทวนสอบ ประเภทของ ดิจิตอลมัลติมิเตอร์ พิกัดความเผื่อ การตีความและเข้าใจใบรับผลการสอบเทียบ ความไม่ แน่นนอนของการวัด การสอบเทียบตาชั่งอิเล็กทรอนิกส์ มาตรวิทยาเชิงอุณหภูมิเบื้องต้น'),
('030513350', 'Multimedia and Animation Technology ', '3', 'ความเป็นมาและความหมายของเทคโนโลยีมัลติมีเดียและภาพเคลื่อนไหว องค์ประกอบของเทคโนโลยีมัลติมีเดียและภาพเคลื่อนไหว หลักการและวิธีการสร้างสื่อ ภาพเคลื่อนไหวด้วยโปรแกรมคอมพิวเตอร์ กระบวนการในการนําส่งภาพเคลื่อนไหวเข้าสู่ อุปกรณ์สื่อสารเคลื่อนที่ ประโยชน์ของเทคโนโลยีมัลติมีเดียและภาพเคลื่อนไหว และการ ประยุกต์ใช้โปรแกรมประยุกต์ในการสร้างสรรค์ผลงานมัลติมีเดียและภาพเคลื่อนไหวใน รูปแบบสื่อมัลติมีเดีย 2 มิติ '),
('030513351', 'Process Control Technology and Automation', '3', 'ลักษณะของการควบคุมกระบวนการไหล ระดับ ความดัน และอุณหภูมิ ชนิดของ วาล์ว เทคนิคการควบคุมแบบพีไอดีเพื่อการควบคุมกระบวนการป้อนกลับแบบหนึ่งลูป แบบแคสเคสและแบบป้อนล่วงหน้า วิธีการปรับค่าพีไอดี การเพิ่มประสิทธิภาพการ ควบคุมกระบวนการโดยการปรับแต่งค่าพีไอดี '),
('030513352', 'Artificial Intelligence', '3', 'พัฒนาการของระบบปัญญาประดิษฐ์ การแทนความรู้ การให้เหตุผล ระบบผู้เชี่ยวชาญ ฟัซซี่\nลอจิก เทคนิคการเรียนรู้ของเครื่อง โครงข่ายประสาทเทียม การจดจำรูปแบบ การจัดกลุ่มข้อมูล การคำนวณ\nเชิงวิวัฒนาการ การประมวลผลภาษาธรรมชาติ การประยุกต์ขั้นตอนวิธีปัญญาประดิษฐ์ในทางวิศวกรรม'),
('030513362', 'Network Programming', '3', 'การสื่อสารข้อมูลผ่านเครือข่ายทีซีพี/ไอพี การเขียนโปรแกรมกับซ็อกเก็ตแบบคอนเน็คชัน\nโอเรียนเต็ด การเขียนโปรแกรมกับซ็อกเก็ตแบบคอนเน็คชันเลส การเขียนโปรแกรมแบบมัลติเทรด การติดต่อ\nกับบริการมาตรฐานของระบบเครือข่าย การเขียนโปรแกรมรับ/ส่งแฟ้มข้อมูลผ่านระบบเครือข่าย'),
('030513363', 'Parallel and Distributed Computing ', '3', 'สถาปัตยกรรมคอมพิวเตอร์แบบขนาน แบบไปป์ไลน์ และแบบกระจาย ขั้นตอน วิธีการคํานวณแบบขนานและแบบกระจาย การออกแบบระบบคํานวณแบบขนานและ แบบกระจาย วิธีการโอนย้ายแฟ้มข้อมูล โทโปโลยีเครือข่ายและระบบกระจาย'),
('030513364', 'Computer Graphics and Multimedia ', '3', 'องค์ประกอบและคุณลักษณะของภาพ การสร้างรูปทรงเรขาคณิตชนิดต่าง ๆการสร้างภาพวัตถุ การเคลื่อนย้ายพิกัด การย่อ/ขยาย การเคลื่อนที่ของวัตถุ การบดบังของวัตถุหลายชิ้น มุมมองของวัตถุ บนระนาบสองมิติและสามมิติ เครื่องมือและเทคนิคต่างๆ ในการสร้างภาพเคลื่อนไหวด้วย คอมพิวเตอร์ การสร้างแสงและเสียงประกอบ รายละเอียดและคุณสมบัติพื้นผิวของวัตถุ '),
('030513365', 'Application Programming for Mobile Communication Device', '3', 'การเขียนโปรแกรมประยุกต์ในรูปแบบของเกมส์ สื่อมัลติมีเดีย ภาพยนตร์หรือวีดิทัศน์ และงานมัลติมีเดียในรูปแบบต่างๆ บนอุปกรณ์สื่อสารเคลื่อนที่ '),
('030513367', 'Network Security ', '3', 'ปัญหาความปลอดภัยระบบเครือข่าย การเข้ารหัสลับข้อมูล การถอดรหัสลับข้อมูล การรักษาความปลอดภัยของโครงข่ายสื่อสาร การป้องกันความปลอดภัยโครงข่ายสื่อสาร ในระดับกายภาพ การควบคุมการเข้าถึง '),
('030513372', 'Linux Operating System and Administration', '3', 'ประวัติและวิวัฒนาการของระบบปฏิบัติการลีนุกซ์ เทคโนโลยีเครื่องเสมือน การติดตั้งและ\nปรับแต่งค่าเบื้องต้นของระบบปฏิบัติการลีนุกซ์ คำสั่งและการใช้งานเชลล์ การเขียนเชลล์สคริป การจัดการ\nพื้นที่เก็บข้อมูล การบริหารจัดการบัญชีผู้ใช้งาน การติดตั้งและตั้งค่าความปลอดภัยในระบบปฎิบัติการลีนุกซ์'),
('030513374', 'Wireless Communication for Embedded System ', '3', ' แนวคิดการพัฒนาระบบสมองกลฝังตัว ความรู้พื้นฐานการสื่อสารข้อมูลในระบบ สมองกลฝังตัว มาตรฐานบัสและโปรโตคอลการสื่อสารระบบสมองกลฝังตัวในงาน อุตสาหกรรม ระบบการสื่อสารแบบไร้สายและโปรโตคอลมาตรฐานของการสื่อสารแบบไร้สาย โมดูลการสื่อสารแบบไร้สายสําหรับระบบสมองกลฝังตัว ซอฟต์แวร์และเครื่องมือ ในการพัฒนาระบบ '),
('030513375', 'Television Station System Management', '3', 'การบริหารจัดการระบบงานต่างๆภายในสถานีโทรทัศน์ พื้นฐานอุปกรณ์ที่ใช้ใน สตูดิโอ ชนิดและวิธีการใช้งาน การจัดการระบบในสถานีโทรทัศน์ อาทิ ระบบเสียง ระบบแสง ระบบการถ่ายทําและการออกอากาศ ระบบการผลิตรายการ การปฏิบัติงาน ภายในสตูดิโอ เป็นต้น '),
('030513376', 'Broadcasting System Technology', '3', 'ศึกษาเทคโนโลยีด้านการกระจายเสียงวิทยุและโทรทัศน์ วิวัฒนาการของ เทคโนโลยีที่ใช้ในการออกอากาศ การส่งเผยแพร่ภาพและเสียงในรูปแบบต่างๆ รวมถึง รูปแบบการรักษาความปลอดภัยในระบบการกระจายเสียงวิทยุและโทรทัศน์แบบต่างๆ นโยบายการรักษาความปลอดภัยของการออกอากาศ'),
('030513377', 'Software Application for Broadcasting', '3', 'การประยุกต์ใช้งานบนคอมพิวเตอร์แมคอินทอช การใช้โปรแกรมวาดภาพและ กราฟิกส์ การทําสื่อโฆษณาและภาพเคลื่อนไหว การทําสื่อวีดิทัศน์และภาพยนตร์ การตัด ต่อภาพและวีดิทัศน์ การผลิตหลังการถ่ายทํา การใช้โปรแกรมประยุกต์ในการจัดการและ ควบคุมงานในระบบสถานีโทรทัศน์'),
('0305133XX', 'Computer Elective Course', NULL, NULL),
('030513500', 'Engineering Electronics', '3', 'อุปกรณ์สารกึ่งตัวนำ คุณสมบัติทางกระแส แรงดันและความถี่ของอุปกรณ์อิเล็กทรอนิกส์\nรอยต่อพีเอ็น การวิเคราะห์และออกแบบวงจรไดโอด การวิเคราะห์และออกแบบวงจรทรานซิสเตอร์แบบบีเจที\nและเอฟอีที อัตราขยายและผลตอบสนองทางความถี่ของทรานซิสเตอร์ชนิดบีเจทีและเอฟอีที การวิเคราะห์\nวงจรออปแอมป์และการประยุกต์ใช้งาน หลักการแปลงรูปพลังงานไฟฟ้าเชิงกล หม้อแปลง แหล่งจ่ายไฟฟ้า\nมอเตอร์ เครื่องกำเนิดไฟฟ้า แบตเตอร์รี่ โซล่าเซลล์'),
('030513600', 'Electronics Laboratory', '1', 'ปฏิบัติการเกี่ยวกับวงจรอิเล็กทรอนิกส์ เพื่อสนับสนุนวิชา 030513500 อิเล็กทรอนิกส์\nวิศวกรรม'),
('030513701', 'Selected Topics in Database System', '3', 'วิชาการใหม่ๆ ทางด้านระบบฐานข้อมูลที่อยู่ในความสนใจของวงการคอมพิวเตอร์และ\nเทคโนโลยีสารสนเทศ'),
('030513702', 'Selected Topics in Software Development', '3', 'วิชาการใหม่ๆ ทางด้านการพัฒนาซอฟต์แวร์ที่อยู่ในความสนใจของวงการคอมพิวเตอร์และ\nเทคโนโลยีสารสนเทศ'),
('030513800', 'Software Development Practice', '2', 'การฝึกพัฒนาโปรแกรมเชิงวัตถุขั้นพื้นฐาน การพัฒนาโปรแกรมส่วนติดต่อผู้ใช้แบบกราฟิก\nการโปรแกรมอุปกรณ์อินพุต/เอาต์พุต การฝึกออกแบบและพัฒนาซอฟต์แวร์ขนาดเล็ก การทดสอ บและแก้ไข\nซอฟต์แวร์'),
('030513900', 'Computer Programming', '3', 'แนวคิดพื้นฐานของการเขียนโปรแกรม การเขียนโปรแกรมภาษาระดับสูง ตัวแปรในการ\nเขียนโปรแกรม คำสั่งอินพุต/เอาต์พุต คำสั่งตัดสินใจและการวนรอบ การเก็บข้อมูล โปรแกรมย่อยและฟังก์ชัน\nการเขียนโปรแกรมเพื่อการคำนวณทางวิศวกรรมขั้นต้น'),
('030513903', 'Computer Network System and Data Communication', '3', 'หลักการสื่อสารข้อมูล องค์ประกอบและสถาปัตยกรรมต่าง ๆ ของเครือข่ายคอมพิวเตอร์\nโปรโตคอลการสื่อสาร มาตรฐานและเทคโนโลยีของเครือข่ายคอมพิวเตอร์แบบมีสายและแบบไร้สาย อุปกรณ์\nต่าง ๆ ที่ใช้ในเครือข่ายคอมพิวเตอร์ การหาเส้นทางข้อมูล กลวิธีควบคุมความคับคั่งในการส่งข้อมูล\nการออกแบบระบบเครือข่ายตามข้อกำหนดมาตรฐานและรายละเอียดโปรโตคอลนำส่งข้อมูล การนำเครือข่าย\nคอมพิวเตอร์ไปใช้งานระบบการรักษาความปลอดภัยของข้อมูลเบื้องต้น การใช้งานโปรแกรมจำลองระบบ\nเครือข่ายคอมพิวเตอร์ในการออกแบบและทดสอบก่อนนำไปใช้งานจริง'),
('030513904', 'Cybersecurity', '3', 'ภาพรวมของความมั่นคงปลอดภัยทางไซเบอร์ ความปลอดภัยเครือข่ายเบื้องต้น ช่องโหว่\nด้านความปลอดภัยทางไซเบอร์และการป้องกันความปลอดภัยทางไซเบอร์ การรักษาความปลอดภัย\nเว็บแอปพลิเคชัน บริการ และเซิร์ฟเวอร์ การตรวจจับและป้องกันการบุกรุก การเข้ารหัสและความปลอดภัย\nเครือข่าย จริยธรรมและกฎหมายที่เกี่ยวข้อง'),
('030513905', 'Database and Data Technology', '3', 'แนวคิด หลักการ คุณสมบัติและสถาปัตยกรรมของฐานข้อมูลเบื้องต้น แบบจำลองข้อมูลเชิง\nสัมพันธ์ แบบจำลองข้อมูลเชิงสัมพันธ์เอนทิตี้ การออกแบบฐานข้อมูลและทำให้เกิดผล การนอมัลไลซ์เซชัน\nระบบจัดการฐานข้อมูล ภาษาเอสคิวแอล ฐานข้อมูลแบบกระจาย ฐานข้อมูลแบบโนแอสคิวแอล ข้อมูลขนาด\nใหญ่และอาปาเชฮาดูป'),
('030513906', 'Machine Learning and Deep Learning', '3', 'หลักการเกี่ยวกับการเรียนรู้ของเครื่องจักรและทฤษฎีการเรียนรู้ การเรียนรู้แบบมีผู้สอน\nการแบ่งประเภท การถดถอย ค่าผิดปกติ ซัพพอร์ตเวกเตอร์แมชชีน การเลือกแบบจำลองและคุณลักษณะ\nการลดขนาดมิติของข้อมูล ต้นไม้ตัดสินใจ การเรียนรู้แบบไม่มีผู้สอน การจัดกลุ่ม การเรียนรู้แบบเสริมกำลัง\nโครงข่ายประสาทเทียม การเรียนรู้เชิงลึก'),
('030513907', 'Digital Image Processing', '3', 'คุณลักษณะและองค์ประกอบของภาพดิจิทัลแบบ 2 มิติ โอเปอร์เรเตอร์และการประมวลผล\nของจุดภาพ การปรับปรุงภาพ การแปลงฟูริเยร์และการประมวลผลในโดเมนความถี่ การกู้คืนข้อมูลภาพ\nเรขาคณิตของภาพและการแปลง การทำเซกเมนท์เทชั่น การจำแนกข้อมูล การใช้งานซอฟต์แวร์ประยุกต์ใน\nงานประมวลผลภาพ'),
('030513908', 'Mobile Application Development', '3', 'หลักภาษาโปรแกรมสำหรับแพลตฟอร์มการพัฒนาโปรแกรมบนอุปกรณ์เคลื่อนที่ เครื่องมือ\nในการพัฒนาโปรแกรมสำหรับอุปกรณ์เคลื่อนที่ การควบคุมระบบสัมผัสทางหน้าจอ การเชื่อมต่อข้อมูลกับ\nระบบฐานข้อมูล การสื่อสารกับระบบภายนอกและการเชื่อมติดต่อกับระบบคอมพิวเตอร์ การใช้เครื่องมือและ\nการพัฒนาโปรแกรมสำหรับอุปกรณ์เคลื่อนที่บนแพลตฟอร์มต่าง ๆ ที่เป็นที่ต้องการของตลาด'),
('030513951', 'NoSQL Database System', '3', 'แนะนำเกี่ยวกับฐานข้อมูลแบบโนเอสคิวแอล ความแตกต่างของฐานข้อมูลแบบโนเอสคิว\nแอลกับฐานข้อมูลเชิงสัมพันธ์ แนวคิดและคุณลักษณะของฐานข้อมูลแบบโนเอสคิวแอล ชนิดของฐานข้อมูล\nแบบโนเอสคิวแอล แบบคอลัมน์ แบบคีย์-แวยู แบบเอกสาร และแบบกราฟ การออกแบบ การจำลองและการ\nทำให้เกิดผลฐานข้อมูลแบบโนเอสคิวแอล การเก็บข้อมูล การค้นคืน และฟังก์ชันภาพรวมกลุ่ม แนวคิดการ\nทำซ้ำ การกระจายและการเข้าถึงข้อมูลของระบบฐานข้อมูลแบบโนเอสคิวแอล'),
('030513952', 'Internet of Things', '3', 'หลักการของอินเทอร์เน็ตของสรรพสิ่ง องค์ประกอบของระบบอินเทอร์เน็ตของสรรพสิ่ง\nพื้นฐานเครือข่ายอินเทอร์เน็ต ความปลอดภัยของข้อมูลและเครือข่าย ระบบฝังตัวและการโปรแกรมเชื่อมต่อ\nเครือข่ายอินเทอร์เน็ต โพรโทคอลการสื่อสาร เทคโนโลยีกลุ่มเมฆ การรวบรวมข้อมูล และ การแสดงข้อมูล\nการเชื่อมต่อเซนเซอร์และแอคทูเอเตอร์'),
('030513953', 'Computer Network Management', '3', 'อุปกรณ์ในเครือข่ายคอมพิวเตอร์และการเชื่อมต่อ โพรโตคอลจัดเส้นทาง ระบบสวิตชิ่งและ\nการตั้งค่า เครือข่ายท้องถิ่นเสมือน เครือข่ายส่วนตัวเสมือน เครือข่ายไร้สาย เครือข่ายบริเวณกว้าง การตั้งค่า\nอุปกรณ์จัดเส้นทางและการจัดการอุปกรณ์เครือข่าย การบริหารจัดการเครื่องลูกข่ายและเครื่องแม่ข่าย\nการตั้งค่าควบคุมการเข้าถึง การจัดการระบบบัญชีผู้ใช้ การจัดการประสิทธิภาพและความปลอดภัยของ\nเครือข่าย ซอฟต์แวร์เพื่อการจัดการเครือข่ายคอมพิวเตอร์'),
('030513954', 'Software Engineering for Embedded System', '3', 'สถาปัตยกรรมคอมพิวเตอร์และการออกแบบระบบสมองกลฝังตัว การควบคุมหรือ\nประมวลผลตอบสนองแบบเวลาจริง การออกแบบและเขียนโปรแกรรมคอมพิวเตอร์บนระบบสมองกลฝังตัว\nการอินเตอร์เฟสและเขียนโปรแกรมควบคุม การออกแบบซอฟต์แวร์ระบบเวลาจริงและการโปรแกรมควบคุม\nระบบสมองกลฝังตัว'),
('030513955', 'Cloud Computing', '3', 'แนวคิด สถาปัตยกรรม ของการประมวลผลแบบกลุ่มเมฆ โมเดลการให้บริการกลุ่มเมฆชนิด\nต่างๆ การให้บริการด้านระบบปฏิบัติการ การให้บริการด้านโครงสร้างพื้นฐาน การให้บริการด้านซอฟต์แวร์\nเหตุการณ์และรูปแบบการนำกลุ่มเมฆไปใช้งาน การใช้กลุ่มเมฆแบบสาธารณะ และแบบส่วนบุคคล ความมั่นคง\nในการประมวลผลแบบกลุ่มเมฆ การประยุกต์ใช้งานระบบการประมวลผลแบบกลุ่มเมฆในรูปแบบต่างๆ\nการพัฒนาโปรแกรมประยุกต์ให้ทำงานร่วมกับการประมวลผลแบบกลุ่มเมฆ'),
('030513956', 'Intelligent System and Application', '3', 'แนะนำระบบอัจฉริยะ หลักการโครงข่ายประสาทเทียมและการประยุกต์ใช้งาน หลักการ\nของฟัซซีลอจิก การใช้ฟัซซีลอจิกในระบบควบคุมและระบบช่วยตัดสินใจ ขั้นตอนวิธีเชิงพันธุกรรมและการ\nประยุกต์ ระบบความฉลาดแบบอาศัยกลุ่ม ระบบลูกผสม หัวข้อด้านระบบอัจฉริยะที่กำลังได้รับความสนใจ'),
('030513957', 'Advanced Digital System Design', '3', 'ทบทวนหลักการออกแบบระบบดิจิทัล หลักการและเทคนิคการใช้เครื่องมือในการออกแบบ\nระบบดิจิทัล การใช้ภาษาอธิบายการทำงานของฮาร์ดแวร์และการออกแบบ การออกแบบระบบดิจิทัลโดยใช้\nวงจรรวมและอุปกรณ์ที่สามารถโปรแกรมได้ การจำลองระบบดิจิทัล การออกแบบระบบดิจิทัลเพื่อการ\nประมวลผลสัญญาณเชิงเลข'),
('030923102', 'Science in Daily Life', '3', 'กระบวนการแสวงหาความรู้ทางวิทยาศาสตร์; วิทยาศาสตร์กับอาหารและ โภชนาการวิทยาศาสตร์กับสุขภาพมนุษย์ วิทยาศาสตร์กับเครื่องสําอางและความงาม วิทยาศาสตร์กับเครื่องนุ่งห่ม,วิทยาศาสตร์กับที่อยู่อาศัย วิทยาศาสตร์กับการเกษตร วิทยาศาสตร์กับพลังงาน '),
('030953101', 'Modern Human Resource Management ', '3', 'การจัดการทรัพยากรมนุษย์ในยุคโลกาวิวัฒน์ การวางแผนกลยุทธ์ด้านการจัดการ ทรัพยากรมนุษย์ การพัฒนาและการบํารุงรักษาทรัพยากรมนุษย์ให้สอดคล้องกับ สถานการณ์ปัจจุบันขององค์การธุรกิจ กฎหมายที่เกี่ยวข้องกับการจัดการทรัพยากร มนุษย์ที่นําไปประยุกต์ในองค์การและกรณีศึกษา  '),
('030953102', 'Man and Society Development', '3', ' วิวัฒนาการของมนุษย์และการอยู่ร่วมกันเป็นสังคมมนุษย์ กลุ่มสังคมและการขัด เกลาทางสังคม การจัดระเบียบทางสังคมเพื่อความสุขในการอยู่ร่วมกัน วัฒนธรรมและ การอนุรักษ์วัฒนธรรม การดํารงชีวิตในสถาบันสังคม พฤติกรรมมนุษย์และการ เปลี่ยนแปลงทางสังคม วิกฤติการณ์ทางสังคมและแนวทางแก้ไข เทคนิคการพัฒนา คุณภาพชีวิตตามแนวทางเศรษฐกิจพอเพียง'),
('030953103', 'Entrepreneurship', '3', ' โอกาสการทําธุรกิจ การเลือกประกอบธุรกิจ ความรอบรู้ในการจัดทําธุรกิจ กล ยุทธ์เพื่อการอยู่รอดในการประกอบธุรกิจในสถานการณ์ปัจจุบัน '),
('030953104', 'Economics for Daily Life', '3', ' เศรษฐศาสตร์และตลาดเศรษฐกิจ การผลิต การประกอบธุรกิจ การบริโภค และ ภาวะการเงินที่มีต่อระบบเศรษฐกิจ การเติบโตทางเศรษฐกิจ การออม และการลงทุน ตาม หลักปรัชญาเศรษฐกิจพอเพียง เพื่อการดําเนินชีวิตให้สอดคล้องกับสภาพสังคมปัจจุบัน'),
('030953106', 'Creative Thinking for Innovation', '3', 'ความคิดสร้างสรรค์ การพัฒนาความคิดสร้างสรรค์ในรูปแบบต่างๆ เทคนิคการ พัฒนาความคิดสร้างสรรค์การสร้างนวัตกรรมทางสังคม แหล่งข้อมูลการเรียนรู้ ทั่วไป และจรรยาบรรณในการใช้ข้อมูล การประยุกต์ใช้ความคิดสร้างสรรค์สู่การสร้าง นวัตกรรมให้สอดคล้องกับสถานการณ์ปัจจุบัน '),
('030953107', 'Personality for Association ', '3', 'ความสําคัญของบุคลิกภาพเพื่อการสมาคม การสํารวจบุคลิกภาพและปรับปรุงบุคลิกภาพ การเสริมสร้างบุคลิกภาพที่ดี หลักการพูดในโอกาสต่างๆ เทคนิคการแต่งกายให้เหมาะสมในแต่ ละสถานการณ์ มารยาทสําหรับงานเลี้ยงแบบต่างๆ และมารยาทในการเข้าสมาคม '),
('030953108', 'Reasoning for Research ', '3', 'หลักการใช้เหตุผลทั่วไป กระบวนการของการวิจัยกับการใช้เหตุผล การคิดอย่างมี เหตุผล การใช้เหตุผลเพื่อการตัดสินใจและการแก้ปัญหา การประเมินทางเลือก เทคนิค การพัฒนาการใช้เหตุผล การประยุกต์การวิจัยกับการใช้เหตุผลในชีวิตประจําวัน'),
('030953109', 'Business Enterprising and Management ', '3', 'ประเภทของธุรกิจ การประกอบอาชีพอิสระ รูปแบบและจัดตั้งองค์การธุรกิจ หลักการบริหารธุรกิจ พฤติกรรมผู้บริโภคและการบริหารการตลาด การแสวงหาแหล่ง เงินทุน การบริหารการเงิน และการวิเคราะห์ข้อมูลการเงิน การคํานวณดอกเบี้ยและ ส่วนลดทางการเงิน การบัญชีสําหรับธุรกิจขนาดย่อม การภาษีอากรที่เกี่ยวข้องกับ ธุรกิจ กฎหมายแรงงานที่ใช้ในองค์การธุรกิจ Type of business, self-employment, format and establishment of a business organization, principle of business administration, consumer behavior and marketing management, seeking funding sources, financial management and financial analysis, interest calculation and financial discount, accounting for small business, taxation related to business, labor law for business organization'),
('030953114', 'ASEAN Studies', '3', 'ศึกษาประวัติความเป็นมาของการรวมกลุ่มประเทศ และพัฒนาการของประชาคม อาเซียน ข้อมูลเบื้องต้น เกี่ยวกับประเทศสมาชิก กลไกลการทํางานประชาคมอาเซียน กฎ บัตรอาเซียน เป้าหมาย โครงสร้างองค์การ วิสันทัศน์และพันธกิจสําคัญในด้านประชาคม การเมืองและความมั่นคงอาเซียน ด้านเศรษฐกิจอาเซียน และด้านสังคมและวัฒนธรรม อาเซียน บทบาท ผลกระทบและการปรับตัวของประเทศไทยต่อประชาคมอาเซียน'),
('030953115', 'Meditation for Self-Development ', '3', 'จุดประสงค์ของการทําสมาธิ วิธีการ จุดเริ่มต้นของการทําสมาธิ ลักษณะของการ บริกรรม ลักษณะและประโยชน์ของสมาธิ การต่อต้านสมาธิ และการนําสมาธิไปใช้ใน ชีวิตประจําวัน '),
('040113001', 'Chemistry for Engineers ', '3', 'สสารและการวัดทางวิทยาศาสตร์ อะตอม โมเลกุล และไอออน มวลสารสัมพันธ์ใน ปฏิกิริยาเคมี โครงสร้างของอะตอม สมบัติตามตารางธาตุ ธาตุเรพพรีเซนเททีฟ อโลหะ โลหะทรานซิชั่น พันธะเคมี รูปร่างโมเลกุล แก๊ส ของเหลว ของแข็ง สารละลาย อุณหพล ศาสตร์ จลนพลศาสตร์เคมี สมดุลเคมี สมดุลไออน และเคมีไฟฟ้า'),
('040113002', 'Chemistry Laboratory for Engineers ', '1', 'ปฏิบัติการต่างๆ มีเนื้อหาสอดคล้องและสนับสนุนทฤษฎีในการบรรยายรายวิชา 040113001 เคมีสําหรับวิศวกร'),
('040203111', 'Engineering Mathematics I', '3', 'ฟังก์ชัน สมการอิงตัวแปรเสริม พิกัดเชิงขั้ว ลิมิตและความต่อเนื่อง อนุพันธ์ การหาอนุพันธ์\nของฟังก์ชันค่าจริงของตัวแปรจริง การประยุกต์ของอนุพันธ์ รูปแบบไม่กำหนด ปริพันธ์ เทคนิคการหาปริพันธ์\nการประยุกต์ของปริพันธ์ การหาปริพันธ์เชิงตัวเลข'),
('040203112', 'Engineering Mathematics II', '3', 'ปริพันธ์ไม่ตรงแบบ การอุปนัยเชิงคณิตศาสตร์ ลำดับและอนุกรมของจำนวนจริง\nอนุกรมอนันต์ การกระจายอนุกรมเทย์เลอร์ของฟังก์ชันมูลฐาน พื้นผิวในปริภูมิสามมิติ แคลคูลัสของฟังก์ชัน\nหลายตัวแปร อนุพันธ์ย่อยและการประยุกต์ ปริพันธ์หลายชั้นและการประยุกต์'),
('040203211', 'Engineering Mathematics III', '3', 'พีชคณิตของเวกเตอร์ เส้นตรง ระนาบ ฟังก์ชันค่าเวกเตอร์ เส้นโค้งปริภูมิ อนุพันธ์และปริพันธ์\nของฟังก์ชันค่าเวกเตอร์ เกรเดียนท์ เคิร์ล และไดเวอร์เจนซ์ ปริพันธ์ตามเส้น ปริพันธ์ตามพื้นผิว สมการ\nเชิงอนุพันธ์สามัญ สมการเชิงอนุพันธ์อันดับหนึ่ง สมการเชิงอนุพันธ์อันดับสูง และการประยุกต์ของสมการ\nเชิงอนุพันธ์สามัญ'),
('040313005', 'Physics I', '3', 'เวกเตอร์ กลศาสตร์การเคลื่อนที่ การเคลื่อนที่แบบเส้นตรงและเส้นโค้ง กฎการเคลื่อนที่\nของนิวตัน การเคลื่อนที่แบบวงกลม งาน กำลัง พลังงาน โมเมนตัม โมเมนต์ความเฉื่อย สมการแห่งการหมุน\nทอร์ก โมเมนตัมเชิงมุม การกลิ้ง การเคลื่อนที่แบบซิมเปิลฮาร์โมนิกส์ การซ้อนกันของสองซิมเปิลฮาร์โมนิกส์\nการออสซิลเลตแบบแดมป์ การออสซิลเลตด้วยแรง การจาแนกคลื่น สมการคลื่นนิ่ง บีตส์ ความเข้มเสียง\nระดับความเข้มเสียง ปรากฏการณ์ดอปเปลอร์ สมบัติของสสาร การส่งผ่านความร้อน สมการก๊าซอุดมคติ\nกฎแห่งอุณหพลศาสตร์ กลจักรความร้อนและกลจักรทวน คุณสมบัติทางกายภาพของของไหล การพยุง\nกฎของปาสคาล การวัดความดัน สมการแห่งความต่อเนื่อง สมการแบร์นูลลี การวัดอัตราการไหล'),
('040313006', 'Physics Laboratory I', '1', 'ปฏิบัติการต่าง ๆ มีเนื้อหาสอดคล้องและสนับสนุนทฤษฎีในการบรรยายรายวิชา 040313005 ฟิสิกส์ 1');
INSERT INTO `coursedb` (`CourseID`, `CourseName`, `Unit`, `CourseDetail`) VALUES
('040313007', 'Physics II', '3', 'กฎของคูลอมบ์ สนามไฟฟ้า กฎของเกาส์ ศักย์ไฟฟ้า สารไดอิเล็กตริก ตัวเก็บประจุ\nสนามแม่เหล็ก กฎของบิโอ-ซาวารต์ กฎของแอมแปร์สารแม่เหล็ก แรงลอเรนท์ แรงเคลื่อนไฟฟ้าเหนี่ยวนำ\nความเหนี่ยวนำ วงจรกระแสสลับและอิเล็กทรอนิกส์เบื้องต้น คุณสมบัติของคลื่น การสะท้อน การหักเห\nการแทรกสอด การเลี้ยวเบน ทัศนศาสตร์ทางเรขาคณิต ทัศนอุปกรณ์ การแผ่รังสีของวัตถุดำ ปรากฎการณ์\nโฟโตอิเล็กทริค การกระเจิงคอมป์ตัน รังสีเอ็กซ์ อะตอมไฮโดรเจน ทวิภาคของคลื่นและอนุภาค โครงสร้าง\nนิวเคลียส กัมมันตภาพรังสี ปฏิกิริยานิวเคลียร์'),
('040313015', 'Physics Laboratory II', '1', 'ปฏิบัติการต่าง ๆ มีเนื้อหาสอดคล้องและสนับสนุนทฤษฎีในการบรรยายรายวิชา 040313007 ฟิสิกส์ 2'),
('040503001', 'Statistics in Everyday Life ', '3', 'การใช้สถิติทั่วไปกับชีวิตประจําวัน ทักษะการแก้ปัญหาอย่างเป็นระบบทางสถิติ สถิติในสังคมมนุษย์ รัฐบาล กีฬา การศึกษา สิ่งแวดล้อม การโฆษณา การตลาด การเงิน การแพทย์ หรืออื่นๆ ที่เกี่ยวข้องกับชีวิตประจําวัน '),
('04XXXXXXX', 'Sci. and Math. Elective', '3', NULL),
('080103001', 'English I', '3', 'ทักษะการฟัง การพูด การอ่าน และการเขียน การสื่อสารในงานและกิจวัตรประจำวัน\nแบบง่าย การอ่านย่อหน้าแบบสั้น การเขียนประโยค และการฝึกภาษาทางอินเตอร์เน็ตเพิ่มเติม'),
('080103002', 'English II', '3', 'ทักษะการฟัง การพูด การอ่าน และการเขียน การสื่อสาร และการแสดงความคิดเห็นในหัวข้อที่คุ้นเคย\nการอ่านบทความที่ยาวขึ้น การเขียนประโยคความซ้อน และย่อหน้าอย่างง่าย และการฝึกภาษาทางอินเตอร์เน็ตเพิ่มเติม'),
('080103012', 'Reading I ', '3', 'เทคนิคและกลวิธีการอ่าน พัฒนาทักษะการอ่านโดยการทํากิจกรรมในชั้นเรียน และการศึกษาเรียนรู้ด้วยตนเอง '),
('080103013', 'Reading II', '3', ' กลวิธีการอ่านแบบอภิปัญญา การประยุกต์กลวิธีการอ่านเพื่อความเข้าใจโดยการทํา กิจกรรมในชั้นเรียน '),
('080103014', 'Writing I ', '3', 'การเขียนย่อหน้า การเขียนเล่าเรื่อง องค์ประกอบของย่อหน้า กระบวนการเขียน กิจกรรมการให้ข้อมูลป้อนกลับจากเพื่อนและครูผู้สอน '),
('080103015', 'Writing II ', '3', 'การเขียนย่อหน้าขนาดยาว การเขียนเล่าเรื่อง การเขียนเชิงโต้แย้ง การเขียน อธิบายและการเขียนรายงาน '),
('080103016', 'English Conversation I ', '3', 'ทักษะการออกเสียงและการพูดเบื้องต้นเพื่อการสื่อสารในชีวิตประจําวัน การแนะนําตนเอง การบรรยายลักษณะสิ่งต่างๆ การบอกทิศทางและการแสดงความคิดเห็น '),
('080103017', 'English Conversation II ', '3', 'ทักษะการออกเสียงและการพูดในระดับโครงสร้างประโยคที่ซับซ้อนขึ้น เพื่อการ สื่อสารในสถานการณ์แบบเตรียมตัวและแบบไม่เตรียมตัว ทักษะการสื่อสาร ภาษาอังกฤษในชีวิตประจําวันโดยเน้นการพูดและฟัง '),
('080103018', 'English for work ', '3', 'ทักษะการใช้ภาษาเพื่อการทํางาน ภาษาในการทําธุรกิจ การตลาด การต้อนรับ ลูกค้าและผู้เยี่ยมชม การเจรจาต่อรอง การนําเสนอแผนงานและสินค้าของบริษัท การ เขียนและการนําเสนอโครงการ '),
('0801030XX', 'Language Elective Course ', '3', NULL),
('080203904', 'Law for Everyday Life ', '3', 'ลักษณะและวิวัฒนาการของกฎหมาย ประเภทของกฎหมาย ความรู้เกี่ยวกับ กฎหมายเกี่ยวกับวงจรชีวิตในสังคมและการเป็นพลเมืองที่ดีของประเทศ '),
('0802039XX', 'General Elective Course', NULL, NULL),
('080303102', 'Social Psychology', NULL, NULL),
('080303104', 'Psychology for Work ', '3', 'จิตวิทยาเพื่อการทํางาน การจูงใจ การตัดสินใจ การแก้ปัญหา ความขัดแย้งในการ ทํางาน ความคิดริเริ่มสร้างสรรค์ การประสานงาน ภาวะผู้นํา การสร้างทีมงาน และการ สื่อสารในที่ทํางาน '),
('0803031XX', 'Social and human Elective Course', NULL, NULL),
('080303401', 'Karaoke ', '1', 'ประวัติและแนวคิดเกี่ยวกับคาราโอเกะ ดนตรีเบื้องต้น คอมพิวเตอร์และโปรแกรมที่ใช้เกี่ยวกับ คาราโอเกะ การติดตั้งเครื่องมือและอุปกรณ์ การเลือกเพลง การจัดทํารายการเพลง การตั้งจังหวะเพลง การใช้งานเสียงประกอบ การฝึกร้องเพลง การร้องเพลงเดี่ยวและเพลงคู่ '),
('080303501', 'Basketball ', '1', 'ประวัติของกีฬาบาสเกตบอล เทคนิคการเล่น กฎ กติกา การเลือกใช้อุปกรณ์ที่เหมาะสม การฝึกทักษะเบื้องต้นและสามารถนําทักษะไปใช้ในการเล่นบาสเกตบอล การเป็นผู้เล่นและผู้ชมที่ดี '),
('080303502', 'Volleyball', '1', 'ประวัติของกีฬาวอลเลย์บอล เทคนิคการเล่น กฎ กติกา การเลือกใช้อุปกรณ์ที่ เหมาะสม การฝึกทักษะเบื้องต้นและสามารถนําทักษะไปใช้ในการเล่นวอลเลย์บอล การเป็นผู้เล่นและผู้ชมที่ดี '),
('080303503', 'Badminton ', '1', 'ประวัติของกีฬาแบดมินตัน เทคนิคการเล่น กฎ กติกา การเลือกใช้อุปกรณ์ที่ เหมาะสม การฝึกทักษะเบื้องต้นและสามารถนําทักษะไปใช้ในการเล่นแบดมินตัน การ เป็นผู้เล่นและผู้ชมที่ดี '),
('080303504', 'Dancing', '1', 'ประวัติของการลีลาศ ทักษะเบื้องต้นของการลีลาศ มารยาทของการลีลาศ การปลูกฝังความรู้ ความเข้าใจ และเจตคติที่ดี การเต้นรําแบบละติน และแบบบอลรูม '),
('080303505', 'Table Tennis ', '1', 'ประวัติของกีฬาเทเบิลเทนนิส เทคนิคการเล่น กฎ กติกา การเลือกใช้อุปกรณ์ที่ เหมาะสม การฝึกทักษะเบื้องต้นและสามารถนําทักษะไปใช้ในการเล่นเทเบิลเทนนิส การเป็นผู้เล่นและผู้ชมที่ดี '),
('080303507', 'Football', '1', 'ประวัติของกีฬาฟุตบอล เทคนิคการเล่น กฎ กติกา มารยาทที่สามารถนําไปใช้ใน ชีวิตประจําวัน นําไปถ่ายทอดให้ผู้อื่น การเป็นผู้เล่นและผู้ชมที่ดี '),
('080303508', 'Sepak-Takraw', '1', 'ประวัติกีฬาตะกร้อ เทคนิคการเล่น เข้าใจกฎ กติกา มารยาทของผู้เล่นและผู้ชมที่ ดี การฝึกทักษะเบื้องต้นและสามารถนําทักษะไปใช้ในการเล่น และนําไปถ่ายทอดให้ ผู้อื่นได้ '),
('080303509', 'Pétanque ', '1', 'ประวัติกีฬาเปตอง กฎ กติกา มารยาทของการแข่งขัน อุปกรณ์การแข่งขัน การฝึก ทักษะพื้นฐาน การถือลูก การโยน การตี และการนับคะแนน การจัดแข่งขันกีฬาเปตอง การแข่งขันกีฬาภายในชั้นเรียน '),
('080303510', 'Taiji/Thikek ', '1', 'ประวัติและวิวัฒนาการของไท้จี๋ / ไท้เก๊ก การป้องกันการบาดเจ็บจากการฝึก การ ฝึกทักษะพื้นฐาน การทรงตัว การเคลื่อนที่ของเท้าและลําตัว การฝึกลมปราณไท้จี๋/ไท้ เก๊ก 18 ท่า และการฝึกมวยไท้จี๋/ไท้เก๊ก ขั้นที่ 1 '),
('080303511', 'GO', '1', 'ความรู้ ความเข้าใจเกี่ยวกับประวัติความเป็นมาของหมากล้อม กฎ กติกา มารยาท วัตถุประสงค์พื้นฐานของการเล่นหมากล้อม ทักษะทางปัญญา 11 ประการ บัญญัติ 10 ประการ เทคนิคในการเล่นของหมากล้อมแบบต่างๆ การแก้ปัญหาระหว่างเกม คุณค่า ของหมากล้อมและการนําไปใช้ประยุกต์ใช้ในชีวิตประจําวัน '),
('080303512', 'FIBA 33 ', '1', 'ประวัติกีฬาฟีบ้า 33 (FIBA 33 : Federation International Basketball 33) กฎ กติกา มารยาทของการแข่งขัน อุปกรณ์การแข่งขัน การฝึกทักษะพื้นฐาน การถือลูก บอล การส่ง การเลี้ยง การยิงประตู การป้องกัน การบันทึกคะแนน การจัดการแข่งขัน และการแข่งขันภายในชั้นเรียน '),
('0803035XX', 'Physical Education Elective', '1', NULL),
('080303601', 'Human Relations ', '3', 'หลักการและทฤษฎีว่าด้วยพฤติกรรมของบุคคล การเข้าใจตนเองและผู้อื่น การ พัฒนาตนเอง การติดต่อสื่อสาร การทํางานเป็นทีม ภาวะผู้นํา ความขัดแย้งและการ บริหารความขัดแย้ง สังคม วัฒนธรรม มารยาททางสังคม หลักธรรมทางศาสนาและการ ประยุกต์ใช้ในการสร้างมนุษยสัมพันธ์'),
('080303603', 'Personality Development ', '3', 'ความสําคัญของการพัฒนาบุคลิกภาพ ทฤษฎีบุคลิกภาพ การประเมินบุคลิกภาพ สุขภาพจิต การปรับตัวและการบริหารความเครียด การปรับปรุงและการเสริมสร้าง บุคลิกภาพ บุคลิกภาพสู่ความเป็นผู้นํา ความฉลาดทางอารมณ์ การพูด การฟัง พฤติกรรมการแสดงออกที่เหมาะสม และการปฏิบัติตนตามมารยาทสังคม '),
('XXXXXXXXX', 'Free Elective Course', '3', 'เป็นวิชาที่นักศึกษาต้องทำการลงทะเบียนเองตามความสนใจ โดยต้องไม่เป็นวิชาที่เคยลงทะเบียน หรือมีอยู่ภายในแผนการเรียนอยู่แล้ว เช่น วิชา Engineering Mathematics 2 จะไม่สามารถลงได้เนื่องจากตรงกับแผนการเรียนหรืออาจเคยลงทะเบียน แต่ถ้านักศึกษาลงทะเบียนวิชา Engineering Mathematics 4 ก็จะสามารถลงทะเบียนได้');

-- --------------------------------------------------------

--
-- Table structure for table `studentdb`
--

CREATE TABLE `studentdb` (
  `stdID` varchar(13) NOT NULL,
  `stdName` varchar(1000) DEFAULT NULL,
  `Email` varchar(1000) DEFAULT NULL,
  `Password` varchar(50) DEFAULT NULL,
  `Role` varchar(10) NOT NULL DEFAULT 'Student'
) ENGINE=InnoDB DEFAULT CHARSET=utf8mb4 COLLATE=utf8mb4_general_ci;

--
-- Dumping data for table `studentdb`
--

INSERT INTO `studentdb` (`stdID`, `stdName`, `Email`, `Password`, `Role`) VALUES
('1', 'Admin', 'admin@se.com', '8dc9fa69ec51046b4472bb512e292d959edd2aef', 'Admin'),
('123456789', 'gigi', 'gigi@email.com', '7110eda4d09e062aa5e4a390b0a572ac0d2c0220', 'Student'),
('3', 'แมนเองจ้า', 'testtest@gmail.com', '6934105ad50010b814c933314b1da6841431bc8b', 'Student'),
('6203051613191', 'Fong Iss', 's6203051613191@email.kmutnb.ac.th', '7c4a8d09ca3762af61e59520943dc26494f8941b', 'Student'),
('630000000', 'Test', 'test@std.com', '0506bb85892646bb643ab512ce0fc92b2abf0a6e', 'Student'),
('63030513042', 'maxsaimai', 'max2@email.comasf', '40bd001563085fc35165329ea1ff5c5ecbdbbeef', 'Student'),
('6303051623195', 'NoteAP', 's6303051623195@kmutnb.ac.th', '85e63daf8fba8df115760b10662caa4baff1e436', 'Student'),
('6303051633042', 'max', 'max@email.com', '7110eda4d09e062aa5e4a390b0a572ac0d2c0220', 'Student'),
('6303051633054', 'man', 'man@gmail.com', '6934105ad50010b814c933314b1da6841431bc8b', 'Admin'),
('6303051633077', 'galllibx', 's6303051633077@email.kmutnb.ac.th', '8cb2237d0679ca88db6464eac60da96345513964', 'Student'),
('7', 'ไอแมนปรากฏกาย', 'manguy@femail.com', '6934105ad50010b814c933314b1da6841431bc8b', 'Student');

-- --------------------------------------------------------

--
-- Table structure for table `teachercomment`
--

CREATE TABLE `teachercomment` (
  `id` int(11) NOT NULL,
  `ShortName` varchar(1000) DEFAULT NULL,
  `TComment` varchar(1000) DEFAULT NULL,
  `stdID` varchar(13) NOT NULL,
  `DateTime` datetime NOT NULL
) ENGINE=InnoDB DEFAULT CHARSET=utf8mb4 COLLATE=utf8mb4_general_ci;

--
-- Dumping data for table `teachercomment`
--

INSERT INTO `teachercomment` (`id`, `ShortName`, `TComment`, `stdID`, `DateTime`) VALUES
(1, 'DCK', 'test', '6303051623195', '2023-03-17 18:26:28'),
(2, 'DCK', 'ทดสอบ', '6303051623195', '2023-03-18 01:32:35'),
(3, 'DCK', 'เทส', '6303051623195', '2023-03-18 01:33:34'),
(4, 'STC', 'test', '63030513042', '2023-03-18 21:23:24'),
(5, '', '', '', '2023-03-18 21:52:50'),
(6, '', '', '', '2023-03-18 21:52:56'),
(7, '', '', '6303051633042', '2023-03-18 23:50:30'),
(8, '', '', '', '2023-03-18 23:51:04'),
(9, '', '', '', '2023-03-18 23:53:59'),
(10, '', '', '', '2023-03-18 23:56:19'),
(11, '', '', '', '2023-03-18 23:56:30'),
(12, 'DCK', 'อาจารย์สอนดีมากคับ\r\n', '3', '2023-04-08 21:21:58'),
(13, 'DCK', 'ข้อสอบยากมากครับ เหมือนจะติด F', '3', '2023-04-08 21:22:45');

-- --------------------------------------------------------

--
-- Table structure for table `teacherdb`
--

CREATE TABLE `teacherdb` (
  `ShortName` varchar(5) NOT NULL,
  `TName` varchar(1000) NOT NULL
) ENGINE=InnoDB DEFAULT CHARSET=utf8mb4 COLLATE=utf8mb4_general_ci;

--
-- Dumping data for table `teacherdb`
--

INSERT INTO `teacherdb` (`ShortName`, `TName`) VALUES
('ACG', 'ผศ. ดร.อนุสรณ์  จึงตระการ'),
('CPR', 'รศ.ดร. ชูพันธุ์ รัตนโภาคา'),
('CTV', 'รศ.ดร. ชาญวิทย์ ตั้งสิริวรกุล'),
('DCK', 'อาจารย์ ดำรงเกียรติ แซ่ลิ้ม'),
('INC', 'อาจารย์ อินทวดี   จันทร์ทักษิโณภาส'),
('KDM', 'ผศ.ดร. กฤษฏา  มามาตร'),
('LSK', 'ดร. เลอสรรค์ กิรสมุทรานนท์'),
('NPY', 'ผศ. ดร. ณัฐพล ประยงค์พันธุ์'),
('NSV', 'ดร. นพพร  สุทธิวงศ์'),
('NTR', 'อ.ณัฐพล รอทอง'),
('OPT', 'รศ. โอภาส ศิริครรชิตถาวร'),
('PST', 'ผศ.ดร.ประเสริฐศักดิ์ เตียวงศ์สมบัติ'),
('PSW', 'ผศ.ดร. พิสิทธิ วิสุทธิเมธีกร'),
('PTN', 'รศ.ดร.พินันทา ฉัตรวัฒนา'),
('PWP', 'ผศ. ดร. ปาลีรัตน์ วงจำปา'),
('PWS', 'ดร.พลกฤษณ์ วงษ์สันติสุข'),
('RCT', 'รศ.ดร. รัตนากร ผดุงถิ่น'),
('SCD', 'ผศ.ดร. สิทธิชัย เด่นตรี'),
('SCS', 'ผศ. สมชาย สาลีขาว'),
('SCV', 'ผศ.ดร. สุพจน์ จันทร์วิพัฒน์'),
('SMK', 'ดร.สุวลักษณ์ มีสมกลิ่น'),
('STC', 'ดร. สมพร เตียเจริญ'),
('SUWAN', 'สุชาดา'),
('SUWAT', 'สุกัญญา'),
('SUYAE', 'สุริยะ'),
('SVD', 'เสฎฐวุฒิ'),
('SVJ', 'สุธาวาส'),
('SVK', 'สมชาย'),
('SVP', 'ธน'),
('SVY', 'สมศักดิ์'),
('SWC', 'ศราวุฒิ'),
('SWK', 'ทรงวุฒิ'),
('SWN', 'สรศักดิ์'),
('SWP', 'สมนึก'),
('SWR', 'สุวภา'),
('SWT', 'สิริวิช'),
('SWU', 'ศุภวัชร์'),
('SWW', 'สุขสันติ์'),
('SYJ', 'ศิริชัย'),
('SYR', 'สยุมพร'),
('SYT', 'ศรายุทธ'),
('SYY', 'สุริยะ'),
('TAA', 'ธนา'),
('TACHA', 'ธราทิป'),
('TACHN', 'ธวัชชัย'),
('TAJIR', 'ฐนิษญา'),
('TAK', 'ทวี'),
('TAKON', 'ทนงศักดิ์'),
('TALIM', 'ทัตพงศ์'),
('TAMAI', 'ธวัชชัย'),
('TAMEA', 'ธนิษฐ์'),
('TANAC', 'ฐปนีย์'),
('TAP', 'ทิพย์สุคนธ์'),
('TAPEC', 'ธนาพร'),
('TAPIT', 'ธนาฒย์'),
('TAPOD', 'ธราธร'),
('TASIN', 'ธนากรณ์'),
('TASIR', 'ทัตพล'),
('TATAN', 'ธัชชัย'),
('TAW', 'ฐิฏิมา'),
('TAWAS', 'ธนพร'),
('TBG', 'เธียรชัย'),
('TBK', 'ธีรวัฒน์'),
('TBL', 'ธีรบูลย์'),
('TBS', 'ธีรวัช'),
('TCC', 'ธนา'),
('TCH', 'ธัชเศรษฐ์'),
('TCP', 'ธงชัย'),
('TEIAM', 'ธีรพงษ์'),
('TEPAK', 'ธีระ'),
('THA', 'ธวัชชัย'),
('THAKK', 'ธนเสฏฐ์'),
('THAMJ', 'ธิดาวัลย์'),
('THBEN', 'ธิดาพร'),
('THBOO', 'ทนงศักดิ์'),
('THCHI', 'ฐิตานันท์'),
('THMAN', 'ทวิช'),
('THMAR', 'ฐิติพงษ์'),
('THPAK', 'ธัญญา'),
('THPAU', 'MR.THOMAS'),
('THPEN', 'ถิรวัฒน์'),
('THPHK', 'ทิพมาศ'),
('THPIE', 'ธนาทิตย์'),
('THPOM', 'ธนภูมิ'),
('THPUT', 'ธัญญรัตน์'),
('THR', 'ธนันต์'),
('THS', 'ธรรมวิทย์'),
('THSOA', 'ฐาปณีย์'),
('THSON', 'ธัญมัย'),
('THSRI', 'ธนโชติ'),
('THSUT', 'ธนกร'),
('THSUW', 'ธรรมวิทย์'),
('THTHO', 'ธนพล'),
('TIAUM', 'ธิดาวัลย์'),
('TIBUN', 'ติกะ'),
('TICHN', 'ทิพาพร'),
('TIKOM', 'ทิพรัตน์'),
('TIKRA', 'ติณณภพ'),
('TIMUN', 'ทิ่วไผ่'),
('TIRUT', 'ตฤณลักษณ์'),
('TISWA', 'ทินกร'),
('TKJ', 'ทศพร'),
('TKK', 'ธีรวัฒน์'),
('TKP', 'ฐิติกุล'),
('TKS', 'ธนพล'),
('TLS', 'ธีรยุทธ'),
('TMA', 'ฐิติมา'),
('TMP', 'ทวิช'),
('TMT', 'ธัมมัฏฐิตา'),
('TNB', 'ทนงศักดิ์'),
('TNK', 'ติณณภพ'),
('TNN', 'ธนากรณ์'),
('TNP', 'ธนาพร'),
('TNPTD', 'ธนาภรณ์'),
('TNS', 'ผศ.ดร. ธนัชชา สถิตย์จันทรากุล'),
('TNY', 'ตรีเนตร'),
('TORSA', 'ต่อศักดิ์'),
('TOS', 'เทียนชัย'),
('TPA', 'ทศพร'),
('TPK', 'ฐิติกุล'),
('TPM', 'ฐิติพงษ์'),
('TPN', 'ธิติพงษ์'),
('TPP', 'ธนภูมิ'),
('TRK', 'ผศ.ดร. ทิพย์รัตน์ จันทร์สิงห์'),
('TRL', 'ธิรดา'),
('TRN', 'ธฤต'),
('TRP', 'ธีระ'),
('TRU', 'ตฤณลักษณ์'),
('TSH', 'ฐาปณีย์'),
('TSI', 'ทัตพล'),
('TSK', 'ทนงศักดิ์'),
('TSP', 'ธฤติมา'),
('TST', 'ถิระวรรธน์'),
('TTK', 'ธีรวัฒน์'),
('TTN', 'ทิฆัมพร'),
('TTP', 'ไตรภพ'),
('TTW', 'ฐิติวัฒน์'),
('TVN', 'ธีระ'),
('TVV', 'ต่อวงศ์'),
('TWC', 'ธัญวรรณ'),
('TWJ', 'ธนะวัชร'),
('TWP', 'ถิรวัฒน์'),
('TWY', 'ธนาวัตร์'),
('TYK', 'ทีปกร'),
('TYM', 'ธันยา'),
('TZR', 'Tenzin'),
('UDSOM', 'อุดร'),
('UJD', 'อุดม'),
('UKP', 'อุเทน'),
('UPV', 'อำไพพร'),
('URTIA', 'อุรศักดิ์'),
('UTM', 'อุกฤษฎ์'),
('UTP', 'อุทิต'),
('UTSRI', 'อุทิต'),
('VAC', 'วรธรรม'),
('VAM', 'วีระ'),
('VASAH', 'วสวัตติ์'),
('VBK', 'วิชิต'),
('VBS', 'วทัญญ์'),
('VED', 'VENUS'),
('VELER', 'วีรพงศ์'),
('VGK', 'วิจิตร'),
('VIPUN', 'วิไลทิพย์'),
('VIRAT', 'วิโรจ'),
('VITAN', 'วิโรจน์'),
('VIVIM', 'วิชาญ'),
('VKS', 'วทัญญ์'),
('VLS', 'วันชัย'),
('VPH', 'วราวุฒิ'),
('VRL', 'วัชระ'),
('VRR', 'วิศรุต'),
('VRT', 'วรธรรม'),
('VSC', 'วสันต์'),
('VSJ', 'วีรเชษฐ์'),
('VST', 'รศ. ดร.วิทวัส   สิฎฐกุล'),
('VSW', 'วีระศักดิ์'),
('VSY', 'วิสุทธิ์'),
('VTG', 'วีรพล'),
('VVS', 'วศิน'),
('WAB', 'วันชัย'),
('WABUR', 'วันวิชิต'),
('WAC', 'วีรยา'),
('WACHA', 'วัลลภ'),
('WAKOB', 'วสันต์'),
('WAKOM', 'วันชัย'),
('WAKON', 'วัชรพล'),
('WANAT', 'วัลภา'),
('WANOO', 'วัชรากร'),
('WANOS', 'วราภรณ์'),
('WAPAT', 'วชิรวิทย์'),
('WAPUH', 'วนิดา'),
('WARAI', 'วศินีทิพย์'),
('WARON', 'วรัญญา'),
('WAS', 'วัยอาจ'),
('WASAN', 'วชสิทธิ์'),
('WASEN', 'วสันต์'),
('WATEM', 'วารีรัตน์'),
('WATPR', 'วัชรินทร์'),
('WAWON', 'วัชรพงษ์'),
('WAWOR', 'วราพร'),
('WCK', 'วันชัย'),
('WCP', 'วรเชษฐ์'),
('WCV', 'วันชัย'),
('WEBEN', 'เวธน์'),
('WHT', 'วรรณลักษณ์'),
('WIBOO', 'วีรศักดิ์'),
('WICHA', 'วิภาวดี'),
('WIHOM', 'วินัย'),
('WIJAR', 'วิธาน'),
('WIKHU', 'วิมล'),
('WIT', 'วิลาวัณย์'),
('WITIM', 'วิชญุตร์'),
('WJP', 'วิวัฒน์'),
('WKB', 'วิทยากรณ์'),
('WKD', 'วิกันดา'),
('WKS', 'วราพงศ์'),
('WLM', 'วัลคุ์วลี'),
('WLP', 'วิไลพร'),
('WLT', 'วิไลลักษณ์'),
('WOKOB', 'วสันต์'),
('WPC', 'วิภาวดี'),
('WPD', 'วิโชค'),
('WPK', 'วีระพล'),
('WPM', 'วุฒิชัย'),
('WPP', 'วัลลภ'),
('WPS', 'ธนะวรรธน์'),
('WRA', 'วิโรจน์'),
('WRS', 'วีระ'),
('WRT', 'วริษฐ์'),
('WSC', 'วสันต์'),
('WSH', 'ฐาปนีย์'),
('WSJ', 'วรวุธ'),
('WSM', 'วุฒิชัย'),
('WSP', 'วัฒนะ'),
('WSR', 'วราห์'),
('WSS', 'วัสสาน์'),
('WST', 'วีรวัฒน์'),
('WTJ', 'วิธาน'),
('WTW', 'วัชระ'),
('WUPUT', 'วุฒิชัย'),
('WWJ', 'ดร.วิวัฒน์ จึงธนศิริกูล'),
('WWR', 'วันชัย'),
('WWS', 'วรพงษ์'),
('WWT', 'วราพร'),
('WYJ', 'วีระยุทธ'),
('WYP', 'วิทยา'),
('YABAL', 'ญาดา'),
('YAY', 'ยุทธการ'),
('YCP', 'ยงยศ'),
('YOACH', 'ยุทธการ'),
('YOUNG', 'โยธิน'),
('YTK', 'โยธิน'),
('YUAUN', 'ยุทธพงศ์'),
('YUHON', 'ยุทธนา');

-- --------------------------------------------------------

--
-- Table structure for table `teacherteach`
--

CREATE TABLE `teacherteach` (
  `CourseID` varchar(9) NOT NULL,
  `ShortName` varchar(5) NOT NULL
) ENGINE=InnoDB DEFAULT CHARSET=utf8mb4 COLLATE=utf8mb4_general_ci;

--
-- Dumping data for table `teacherteach`
--

INSERT INTO `teacherteach` (`CourseID`, `ShortName`) VALUES
('030103300', 'NISIR'),
('030413100', 'RCT'),
('030413145', 'INC'),
('030513100', 'CTV'),
('030513121', 'NTR'),
('030513122', 'PWS'),
('030513123', 'ACG'),
('030513125', 'INC'),
('030513126', 'NPY'),
('030513126', 'PST'),
('030513127', 'PSW '),
('030513145', 'PWS'),
('030513150', 'OPT'),
('030513150', 'TNS'),
('030513151', 'SSP'),
('030513165', 'NPY'),
('030513167', 'KDM'),
('030513185', 'STC'),
('030513187', 'SCD'),
('030513200', 'KDM'),
('030513200', 'PWP'),
('030513220', 'ACG'),
('030513220', 'SCS'),
('030513221', 'PWP'),
('030513221', 'SCS'),
('030513221', 'TNS'),
('030513221', 'TRK'),
('030513243', 'PSW '),
('030513246', 'OPT'),
('030513246', 'SMK'),
('030513246', 'TNS'),
('030513247', 'OPT'),
('030513247', 'SMK'),
('030513247', 'TNS'),
('030513249', 'JABOO'),
('030513249', 'STC'),
('030513250', 'SCD'),
('030513250', 'WWJ'),
('030513251', 'SCD'),
('030513251', 'WWJ'),
('030513252', 'DCK'),
('030513252', 'PSW '),
('030513252', 'PWS'),
('030513254', 'NTR'),
('030513254', 'TRK'),
('030513300', 'LSK'),
('030513300', 'PSW'),
('030513300', 'PWP'),
('030513300', 'PWS'),
('030513326', 'DCK'),
('030513328', 'KDM'),
('030513330', 'PTN'),
('030513331', 'NSV'),
('030513334', 'OPT'),
('030513335', 'CTV'),
('030513335', 'PWP'),
('030513335', 'STC'),
('030513336', 'TRK'),
('030513343', 'LSK '),
('030513345', 'PST'),
('030513346', 'PWS'),
('030513348', 'STC '),
('030513350', 'PTN'),
('030513351', 'NSV'),
('030513352', 'SCV'),
('030513367', 'LSK'),
('030513367', 'PWP'),
('030513377', 'PTN'),
('030513800', 'DCK'),
('030513800', 'PWS'),
('030513900', 'DCK'),
('030523107', 'PWS'),
('030523114', 'LSK'),
('030523116', 'STC'),
('030523118', 'DCK'),
('030523119', 'PWS'),
('030523120', 'DCK'),
('030523121', 'PWS'),
('030523122', 'DCK'),
('030523123', 'INC'),
('030523123', 'SMK'),
('030523124', 'PWS'),
('030523126', 'CPR'),
('030523144', 'NSV'),
('030523145', 'NSV'),
('030523146', 'NTR'),
('030523148', 'PST'),
('030523172', 'VST'),
('030523173', 'VST'),
('030523178', 'NTR'),
('030523179', 'KDM'),
('030523181', 'OPT'),
('030523183', 'SMK'),
('030523200', 'STC'),
('030523201', 'ACG'),
('030523201', 'CPR'),
('030523201', 'NPY'),
('030523201', 'NSV'),
('030523201', 'NTR'),
('030523201', 'PST'),
('030523201', 'PWP'),
('030523201', 'SCV'),
('030523201', 'TRK'),
('030523201', 'VST'),
('030523207', 'PWS'),
('030523218', 'DCK'),
('030523219', 'PWS'),
('030523220', 'DCK'),
('030523221', 'PWS'),
('030523222', 'DCK'),
('030523224', 'PWS'),
('030523226', 'CPR'),
('030523244', 'NSV'),
('030523245', 'NSV'),
('030523246', 'NTR'),
('030523248', 'PST'),
('030523248', 'TRK'),
('030523278', 'NTR'),
('030523279', 'KDM'),
('030523281', 'OPT'),
('030523283', 'SMK'),
('030523502', 'DCK'),
('030523562', 'SCS'),
('030523563', 'LSK'),
('030523564', 'PWP'),
('030523602', 'DCK'),
('030523662', 'PWP'),
('030523662', 'SCS'),
('030523663', 'LSK'),
('030523663', 'PWP'),
('030535101', 'ACG'),
('030535123', 'VST'),
('030535156', 'OPT'),
('030535177', 'STC'),
('030923102', 'SRP'),
('030923103', 'SAY'),
('031021141', 'PST'),
('040203111', 'NAJAR'),
('040203211', 'PMR'),
('040313005', 'PCP'),
('040313006', 'PHTHA'),
('040313006', 'SUDEC'),
('040313006', 'SUWAN'),
('040503001', 'SPK'),
('080103001', 'WIKHU'),
('080203904', 'WIT '),
('080203907', 'RAS'),
('080303102', 'TTP'),
('080303509', 'WJP');

--
-- Indexes for dumped tables
--

--
-- Indexes for table `coursecomment`
--
ALTER TABLE `coursecomment`
  ADD PRIMARY KEY (`id`);

--
-- Indexes for table `coursedb`
--
ALTER TABLE `coursedb`
  ADD PRIMARY KEY (`CourseID`,`CourseName`);

--
-- Indexes for table `studentdb`
--
ALTER TABLE `studentdb`
  ADD PRIMARY KEY (`stdID`);

--
-- Indexes for table `teachercomment`
--
ALTER TABLE `teachercomment`
  ADD PRIMARY KEY (`id`);

--
-- Indexes for table `teacherdb`
--
ALTER TABLE `teacherdb`
  ADD PRIMARY KEY (`ShortName`);

--
-- Indexes for table `teacherteach`
--
ALTER TABLE `teacherteach`
  ADD PRIMARY KEY (`CourseID`,`ShortName`);

--
-- AUTO_INCREMENT for dumped tables
--

--
-- AUTO_INCREMENT for table `coursecomment`
--
ALTER TABLE `coursecomment`
  MODIFY `id` int(11) NOT NULL AUTO_INCREMENT, AUTO_INCREMENT=102;

--
-- AUTO_INCREMENT for table `teachercomment`
--
ALTER TABLE `teachercomment`
  MODIFY `id` int(11) NOT NULL AUTO_INCREMENT, AUTO_INCREMENT=14;
COMMIT;

/*!40101 SET CHARACTER_SET_CLIENT=@OLD_CHARACTER_SET_CLIENT */;
/*!40101 SET CHARACTER_SET_RESULTS=@OLD_CHARACTER_SET_RESULTS */;
/*!40101 SET COLLATION_CONNECTION=@OLD_COLLATION_CONNECTION */;
